timestamp,price,market_cap,volume_24h,circulating_supply,price_change_24h,bullish_sentiment,bearish_sentiment
2026-02-26 10:15:36,"$68,050.76",$1.36T,$55.21B,19.99M BTC,4.68% (24h),,
2026-02-28 06:58:59,"$63,826.63",$1.27T,$41.48B,19.99M BTC,3.45% (24h),,
2026-02-28 08:05:15,"$63,945.01",$1.27T,$40.17B,19.99M BTC,3.34% (24h),,
2026-02-28 08:48:47,"$64,401.09",$1.28T,$39.24B,19.99M BTC,2.66% (24h),,
2026-02-28 09:02:42,"$65,089.09",$1.3T,$39.23B,19.99M BTC,1.79% (24h),,
2026-02-28 09:38:33,"$65,138.55",$1.3T,$40.75B,19.99M BTC,1.7% (24h),,
2026-02-28 09:56:14,"$64,467.00",$1.28T,$40.38B,19.99M BTC,2.13% (24h),,
2026-02-28 10:29:47,"$64,797.94",$1.29T,$40.05B,19.99M BTC,2.03% (24h),,
2026-02-28 10:48:56,"$64,816.73",$1.29T,$40.28B,19.99M BTC,2.06% (24h),,
2026-02-28 11:01:40,"$64,765.24",$1.29T,$40.07B,19.99M BTC,2.01% (24h),,
2026-02-28 11:39:45,"$64,925.54",$1.29T,$39.72B,19.99M BTC,1.53% (24h),,
2026-02-28 11:58:58,"$65,148.91",$1.3T,$39.27B,19.99M BTC,0.54% (24h),,
2026-02-28 12:30:27,"$65,109.77",$1.3T,$38.47B,19.99M BTC,0.14% (24h),,
2026-02-28 12:49:27,"$65,113.46",$1.3T,$38.26B,19.99M BTC,0.44% (24h),,
2026-02-28 13:01:32,"$65,388.02",$1.3T,$38.25B,19.99M BTC,0.46% (24h),,
2026-02-28 13:49:28,"$65,724.46",$1.31T,$37.95B,19.99M BTC,0.36% (24h),,
2026-02-28 14:12:58,"$65,791.19",$1.31T,$38.6B,19.99M BTC,0.84% (24h),,
2026-02-28 14:37:43,"$66,342.42",$1.32T,$38.62B,19.99M BTC,1.49% (24h),,
2026-02-28 14:52:06,"$66,561.92",$1.33T,$39.29B,19.99M BTC,1.78% (24h),,
2026-02-28 15:33:09,"$66,791.34",$1.33T,$39.62B,19.99M BTC,2.01% (24h),,
2026-02-28 15:56:16,"$66,947.23",$1.33T,$39.7B,19.99M BTC,2.02% (24h),,
2026-02-28 16:28:29,"$66,486.20",$1.32T,$40.21B,19.99M BTC,1.17% (24h),,
2026-02-28 16:47:29,"$66,881.09",$1.33T,$40.27B,19.99M BTC,1.94% (24h),,
2026-02-28 16:59:36,"$66,734.23",$1.33T,$40.73B,19.99M BTC,1.85% (24h),,
2026-02-28 17:35:08,"$67,280.10",$1.34T,$41.54B,19.99M BTC,3.59% (24h),,
2026-02-28 17:56:13,"$67,169.60",$1.34T,$41.49B,19.99M BTC,2.44% (24h),,
2026-02-28 18:28:54,"$66,903.47",$1.33T,$41.79B,19.99M BTC,1.6% (24h),,
2026-02-28 18:48:58,"$67,000.03",$1.33T,$41.82B,19.99M BTC,1.68% (24h),,
2026-02-28 19:00:54,"$67,028.59",$1.34T,$41.86B,19.99M BTC,1.75% (24h),,
2026-03-01 00:09:34,"$67,282.67",$1.34T,$48.83B,19.99M BTC,2.41% (24h),,
2026-03-01 01:05:15,"$67,267.03",$1.34T,$49.13B,19.99M BTC,2.58% (24h),,
2026-03-01 02:04:45,"$66,834.38",$1.33T,$46.52B,19.99M BTC,5.38% (24h),,
2026-03-01 02:47:23,"$67,152.95",$1.34T,$43.84B,19.99M BTC,4.97% (24h),,
2026-03-01 03:02:29,"$67,144.87",$1.34T,$43.56B,19.99M BTC,5.5% (24h),,
2026-03-01 03:48:11,"$67,057.53",$1.34T,$43.22B,19.99M BTC,5.33% (24h),,
2026-03-01 04:18:56,"$66,749.80",$1.33T,$43.62B,19.99M BTC,4.88% (24h),,
2026-03-01 04:49:14,"$66,306.43",$1.32T,$43.46B,19.99M BTC,4.2% (24h),,
2026-03-01 05:02:43,"$66,437.61",$1.32T,$43.64B,19.99M BTC,4.42% (24h),,
2026-03-01 05:44:26,"$66,412.10",$1.32T,$42.61B,19.99M BTC,3.81% (24h),,
2026-03-01 06:02:09,"$66,470.48",$1.32T,$42.47B,19.99M BTC,3.8% (24h),,
2026-03-01 06:33:14,"$66,558.90",$1.33T,$42.17B,19.99M BTC,3.58% (24h),,
2026-03-01 06:53:08,"$66,445.84",$1.32T,$41.08B,19.99M BTC,3.77% (24h),,
2026-03-01 08:00:49,"$66,317.66",$1.32T,$40.97B,19.99M BTC,3.6% (24h),,
2026-03-01 08:47:14,"$66,383.24",$1.32T,$40.77B,19.99M BTC,3.48% (24h),,
2026-03-01 09:04:00,"$66,895.70",$1.33T,$39.7B,19.99M BTC,2.87% (24h),,
2026-03-01 09:40:13,"$66,912.34",$1.33T,$40.26B,19.99M BTC,2.75% (24h),,
2026-03-01 09:58:41,"$66,861.28",$1.33T,$39.68B,19.99M BTC,3.85% (24h),,
2026-03-01 10:35:30,"$67,205.33",$1.34T,$39.4B,19.99M BTC,3.6% (24h),,
2026-03-01 10:54:55,"$67,112.80",$1.34T,$39.39B,19.99M BTC,3.58% (24h),,
2026-03-01 11:36:41,"$67,014.52",$1.34T,$39.88B,19.99M BTC,3.15% (24h),,
2026-03-01 11:59:19,"$66,175.65",$1.32T,$39.98B,19.99M BTC,1.57% (24h),,
2026-03-01 12:32:51,"$65,969.06",$1.31T,$40.35B,19.99M BTC,1.26% (24h),,
2026-03-01 12:55:21,"$66,036.32",$1.32T,$40.38B,19.99M BTC,1.37% (24h),,
2026-03-01 13:41:47,"$66,381.00",$1.32T,$40.68B,19.99M BTC,0.96% (24h),,
2026-03-01 14:13:04,"$66,251.17",$1.32T,$40.76B,19.99M BTC,0.66% (24h),,
2026-03-01 14:41:43,"$66,035.83",$1.32T,$40.66B,19.99M BTC,0.72% (24h),,
2026-03-01 14:56:13,"$65,930.95",$1.31T,$40.05B,19.99M BTC,0.76% (24h),,
2026-03-01 15:34:45,"$65,206.40",$1.3T,$39.75B,19.99M BTC,2.26% (24h),,
2026-03-01 15:57:51,"$65,340.55",$1.3T,$39.96B,19.99M BTC,2.32% (24h),,
2026-03-01 16:32:15,"$65,556.25",$1.31T,$39.55B,19.99M BTC,1.42% (24h),,
2026-03-01 16:54:35,"$65,686.89",$1.31T,$39.74B,19.99M BTC,1.35% (24h),,
2026-03-01 17:31:13,"$65,895.77",$1.31T,$39.84B,19.99M BTC,1.63% (24h),,
2026-03-01 17:55:07,"$65,352.94",$1.3T,$40.16B,19.99M BTC,2.84% (24h),,
2026-03-01 18:31:25,"$65,632.13",$1.31T,$40.27B,19.99M BTC,1.94% (24h),,
2026-03-01 18:52:13,"$65,717.16",$1.31T,$40.71B,19.99M BTC,1.88% (24h),,
2026-03-01 21:35:11,"$66,344.29",$1.32T,$39.16B,19.99M BTC,2.22% (24h),,
2026-03-01 23:29:50,"$66,945.46",$1.33T,$38.28B,19.99M BTC,0.58% (24h),,
2026-03-02 00:40:23,"$66,794.84",$1.33T,$38.71B,19.99M BTC,1.07% (24h),,
2026-03-02 01:39:16,"$66,249.16",$1.32T,$38.57B,19.99M BTC,0.94% (24h),,
2026-03-02 02:39:50,"$65,925.39",$1.31T,$39.42B,19.99M BTC,1.81% (24h),,
2026-03-02 03:27:17,"$65,835.16",$1.31T,$39.56B,19.99M BTC,2.13% (24h),,
2026-03-02 04:11:12,"$66,442.49",$1.32T,$39.21B,19.99M BTC,0.26% (24h),,
2026-03-02 05:08:39,"$66,339.79",$1.32T,$40.03B,19.99M BTC,0.06% (24h),,
2026-03-02 06:03:46,"$66,236.71",$1.32T,$40.57B,19.99M BTC,0.33% (24h),,
2026-03-02 06:45:54,"$66,339.25",$1.32T,$40.6B,19.99M BTC,0.18% (24h),,
2026-03-02 07:04:45,"$66,333.86",$1.32T,$41.55B,19.99M BTC,0.23% (24h),,
2026-03-02 08:35:54,"$65,824.67",$1.31T,$42.56B,19.99M BTC,0.73% (24h),,
2026-03-02 09:29:16,"$65,620.20",$1.31T,$42.68B,19.99M BTC,1.96% (24h),,
2026-03-02 10:11:32,"$68,043.64",$1.36T,$45.63B,19.99M BTC,1.61% (24h),,
2026-03-02 12:13:44,"$69,402.59",$1.38T,$54.64B,19.99M BTC,4.98% (24h),,
2026-03-02 12:59:56,"$69,157.34",$1.38T,$55.67B,19.99M BTC,4.68% (24h),,
2026-03-02 14:03:42,"$68,839.49",$1.37T,$56.41B,19.99M BTC,3.76% (24h),,
2026-03-02 14:51:07,"$68,894.66",$1.37T,$57.03B,19.99M BTC,4.6% (24h),,
2026-03-02 15:24:52,"$68,961.18",$1.37T,$57.5B,19.99M BTC,5.39% (24h),,
2026-03-02 16:03:13,"$69,141.15",$1.38T,$57.52B,19.99M BTC,5.77% (24h),,
2026-03-02 16:50:21,"$69,482.36",$1.38T,$57.48B,19.99M BTC,5.8% (24h),,
2026-03-02 17:17:59,"$69,258.69",$1.38T,$57.39B,19.99M BTC,4.89% (24h),,
2026-03-02 17:52:37,"$69,337.52",$1.38T,$56.9B,19.99M BTC,6.29% (24h),,
2026-03-02 18:33:02,"$68,878.96",$1.37T,$56.25B,19.99M BTC,4.88% (24h),,
2026-03-02 18:59:17,"$68,772.95",$1.37T,$56.7B,19.99M BTC,4.62% (24h),,
2026-03-02 21:54:24,"$68,479.14",$1.36T,$55.24B,19.99M BTC,3.31% (24h),,
2026-03-02 23:52:06,"$68,053.50",$1.36T,$54.59B,19.99M BTC,2.04% (24h),,
2026-03-03 00:55:24,"$67,963.05",$1.35T,$54.74B,19.99M BTC,1.65% (24h),,
2026-03-03 02:01:07,"$68,055.56",$1.36T,$54.55B,19.99M BTC,2.78% (24h),,
2026-03-03 02:51:27,"$68,141.99",$1.36T,$54.51B,19.99M BTC,3.3% (24h),,
2026-03-03 03:30:56,"$67,670.04",$1.35T,$54.76B,19.99M BTC,2.97% (24h),,
2026-03-03 04:11:42,"$67,116.19",$1.34T,$55.85B,19.99M BTC,1.03% (24h),,
2026-03-03 05:03:04,"$66,489.65",$1.32T,$55.82B,19.99M BTC,0.22% (24h),,
2026-03-03 06:00:07,"$66,834.57",$1.33T,$56.58B,19.99M BTC,0.8% (24h),,
2026-03-03 06:42:40,"$67,037.88",$1.34T,$57.05B,19.99M BTC,1.19% (24h),,
2026-03-03 07:27:41,"$67,550.59",$1.35T,$58.2B,19.99M BTC,2.14% (24h),,
2026-03-03 08:42:55,"$66,967.05",$1.33T,$57.54B,19.99M BTC,2.14% (24h),,
2026-03-03 09:35:11,"$66,873.55",$1.33T,$56.64B,19.99M BTC,0.87% (24h),,
2026-03-03 10:33:24,"$67,197.43",$1.34T,$53.35B,19.99M BTC,1.87% (24h),,
2026-03-03 11:29:52,"$68,840.70",$1.37T,$51.65B,19.99M BTC,0.76% (24h),,
2026-03-03 12:26:25,"$68,193.81",$1.36T,$51.32B,19.99M BTC,1.76% (24h),,
2026-03-03 13:08:45,"$68,266.44",$1.36T,$50.67B,19.99M BTC,1.15% (24h),,
2026-03-03 14:53:37,"$68,561.03",$1.37T,$50.78B,19.99M BTC,0.6% (24h),,
2026-03-03 15:39:52,"$68,402.25",$1.36T,$50.45B,19.99M BTC,1.1% (24h),,
2026-03-03 16:05:26,"$68,062.83",$1.36T,$49.88B,19.99M BTC,1.46% (24h),,
2026-03-03 16:48:37,"$68,022.01",$1.36T,$49.02B,19.99M BTC,2.16% (24h),,
2026-03-03 17:16:59,"$68,305.89",$1.36T,$49.98B,19.99M BTC,1.27% (24h),,
2026-03-03 17:51:16,"$68,325.44",$1.36T,$49.54B,19.99M BTC,1.44% (24h),,
2026-03-03 18:17:51,"$68,613.48",$1.37T,$49.08B,19.99M BTC,0.87% (24h),,
2026-03-03 18:47:19,"$68,442.78",$1.36T,$48.86B,19.99M BTC,0.67% (24h),,
2026-03-03 19:03:42,"$68,230.75",$1.36T,$47.83B,19.99M BTC,0.88% (24h),,
2026-03-03 21:50:47,"$68,329.18",$1.36T,$49.28B,19.99M BTC,0.37% (24h),,
2026-03-03 23:26:16,"$67,663.71",$1.35T,$50.13B,19.99M BTC,1% (24h),,
2026-03-04 00:32:14,"$67,813.72",$1.35T,$50.53B,19.99M BTC,0.69% (24h),,
2026-03-04 01:29:15,"$68,117.08",$1.36T,$50.45B,19.99M BTC,0.22% (24h),,
2026-03-04 02:25:37,"$68,513.48",$1.37T,$50.72B,19.99M BTC,0.41% (24h),,
2026-03-04 03:01:06,"$69,631.15",$1.39T,$51.67B,19.99M BTC,2.13% (24h),,
2026-03-04 03:56:16,"$70,853.88",$1.41T,$52.67B,19.99M BTC,5.77% (24h),,
2026-03-04 04:50:43,"$71,840.12",$1.43T,$57.81B,19.99M BTC,8.11% (24h),,
2026-03-04 05:25:27,"$71,423.20",$1.42T,$59.13B,19.99M BTC,7.13% (24h),,
2026-03-04 06:06:03,"$71,346.30",$1.42T,$60.11B,19.99M BTC,6.61% (24h),,
2026-03-04 06:46:17,"$71,095.54",$1.42T,$59.2B,19.99M BTC,5.96% (24h),,
2026-03-04 07:04:24,"$71,057.85",$1.42T,$60.87B,19.99M BTC,5.77% (24h),,
2026-03-04 08:22:48,"$71,305.20",$1.42T,$61.67B,19.99M BTC,6.2% (24h),,
2026-03-04 09:11:26,"$71,645.91",$1.43T,$62.74B,19.99M BTC,6.75% (24h),,
2026-03-04 10:00:23,"$71,852.81",$1.43T,$65.12B,19.99M BTC,7.94% (24h),,
2026-03-04 10:56:56,"$73,102.41",$1.46T,$67.8B,19.99M BTC,8.26% (24h),,
2026-03-04 11:55:31,"$73,299.98",$1.46T,$68.54B,19.99M BTC,7.41% (24h),,
2026-03-04 12:44:56,"$73,143.96",$1.46T,$69.78B,19.99M BTC,7.32% (24h),,
2026-03-04 13:30:11,"$73,437.04",$1.46T,$70.39B,19.99M BTC,7.18% (24h),,
2026-03-04 14:25:13,"$73,695.05",$1.47T,$71.53B,19.99M BTC,7.07% (24h),,
2026-03-04 15:01:07,"$73,668.51",$1.47T,$72.51B,19.99M BTC,7.7% (24h),,
2026-03-04 15:45:55,"$73,515.98",$1.47T,$72.54B,19.99M BTC,7.37% (24h),,
2026-03-04 16:21:17,"$73,115.32",$1.46T,$73.22B,19.99M BTC,7.47% (24h),,
2026-03-04 17:38:58,"$73,096.61",$1.46T,$73.96B,19.99M BTC,6.91% (24h),,
2026-03-04 18:04:40,"$72,770.13",$1.45T,$74.01B,19.99M BTC,6.46% (24h),,
2026-03-04 18:44:37,"$72,735.17",$1.45T,$72.83B,19.99M BTC,6.18% (24h),,
2026-03-04 19:04:06,"$72,796.61",$1.45T,$74.76B,19.99M BTC,6.64% (24h),,
2026-03-04 21:53:15,"$72,520.31",$1.45T,$74.83B,19.99M BTC,6.07% (24h),,
2026-03-04 23:50:32,"$72,866.79",$1.45T,$74.03B,19.99M BTC,7.72% (24h),,
2026-03-05 00:40:54,"$72,399.78",$1.44T,$74.7B,19.99M BTC,6.51% (24h),,
2026-03-05 01:33:54,"$72,356.98",$1.44T,$74.81B,19.99M BTC,6.08% (24h),,
2026-03-05 02:30:35,"$72,527.01",$1.45T,$74.61B,19.99M BTC,5.47% (24h),,
2026-03-05 03:05:17,"$71,926.11",$1.43T,$74.26B,19.99M BTC,3.63% (24h),,
2026-03-05 04:01:18,"$72,377.05",$1.44T,$71.07B,19.99M BTC,1.98% (24h),,
2026-03-05 04:59:17,"$72,594.37",$1.45T,$67.34B,19.99M BTC,1.56% (24h),,
2026-03-05 05:55:42,"$73,555.79",$1.47T,$66.16B,19.99M BTC,3.14% (24h),,
2026-03-05 06:39:07,"$72,914.06",$1.45T,$66.68B,19.99M BTC,2.74% (24h),,
2026-03-05 07:03:39,"$72,697.20",$1.45T,$66.84B,19.99M BTC,2.32% (24h),,
2026-03-05 08:36:57,"$72,360.73",$1.44T,$65.5B,19.99M BTC,1.5% (24h),,
2026-03-05 09:29:03,"$72,534.89",$1.45T,$62.8B,19.99M BTC,1.13% (24h),,
2026-03-05 10:31:06,"$71,227.17",$1.42T,$61.75B,19.99M BTC,2.24% (24h),,
2026-03-05 12:48:40,"$70,800.32",$1.41T,$57.79B,19.99M BTC,3.25% (24h),,
2026-03-05 14:03:25,"$71,200.54",$1.42T,$56.66B,19.99M BTC,3.36% (24h),,
2026-03-05 15:01:08,"$70,973.73",$1.41T,$54.2B,19.99M BTC,3.65% (24h),,
2026-03-05 15:51:24,"$71,114.04",$1.42T,$53.61B,19.99M BTC,3.06% (24h),,
2026-03-05 16:25:38,"$71,498.75",$1.42T,$52.94B,19.99M BTC,2.29% (24h),,
2026-03-05 17:00:10,"$71,164.98",$1.42T,$52.73B,19.99M BTC,2.95% (24h),,
2026-03-05 18:16:02,"$71,186.92",$1.42T,$51.76B,19.99M BTC,2.2% (24h),,
2026-03-05 19:02:13,"$70,872.38",$1.41T,$51.03B,19.99M BTC,2.58% (24h),,
2026-03-05 21:52:03,"$71,239.30",$1.42T,$50.25B,19.99M BTC,1.81% (24h),,
2026-03-05 23:47:26,"$70,545.33",$1.41T,$49.66B,19.99M BTC,3.29% (24h),,
2026-03-06 00:39:21,"$70,390.57",$1.4T,$49.46B,19.99M BTC,2.87% (24h),,
2026-03-06 01:30:51,"$70,442.20",$1.4T,$48.89B,19.99M BTC,2.7% (24h),,
2026-03-06 02:27:08,"$70,820.45",$1.41T,$49.13B,19.99M BTC,2.49% (24h),,
2026-03-06 03:00:54,"$71,049.52",$1.42T,$48.46B,19.99M BTC,1.42% (24h),,
2026-03-06 03:54:07,"$70,815.57",$1.41T,$47.56B,19.99M BTC,2.09% (24h),,
2026-03-06 04:48:09,"$70,466.22",$1.4T,$46.62B,19.99M BTC,2.9% (24h),,
2026-03-06 05:22:20,"$70,677.48",$1.41T,$46.37B,19.99M BTC,2.9% (24h),,
2026-03-06 06:04:28,"$70,452.53",$1.4T,$45.02B,19.99M BTC,3.87% (24h),,
2026-03-06 06:44:17,"$70,408.15",$1.4T,$44.04B,19.99M BTC,3.35% (24h),,
2026-03-06 07:04:05,"$70,184.14",$1.4T,$43.13B,19.99M BTC,3.51% (24h),,
2026-03-06 08:21:39,"$69,866.37",$1.39T,$44.55B,19.99M BTC,3.91% (24h),,
2026-03-06 09:06:42,"$68,983.58",$1.37T,$45.79B,19.99M BTC,4.95% (24h),,
2026-03-06 09:57:39,"$68,431.35",$1.36T,$47.32B,19.99M BTC,5.54% (24h),,
2026-03-06 10:45:21,"$68,736.22",$1.37T,$46.52B,19.99M BTC,3.8% (24h),,
2026-03-06 11:24:17,"$68,311.65",$1.36T,$45.77B,19.99M BTC,3.76% (24h),,
2026-03-06 12:08:33,"$68,513.81",$1.37T,$45.17B,19.99M BTC,3.83% (24h),,
2026-03-06 12:53:58,"$67,934.95",$1.35T,$45.61B,19.99M BTC,4.14% (24h),,
2026-03-06 13:55:55,"$68,225.07",$1.36T,$45.14B,19.99M BTC,3.73% (24h),,
2026-03-06 14:39:00,"$68,189.75",$1.36T,$44.76B,19.99M BTC,3.9% (24h),,
2026-03-06 15:01:22,"$68,146.23",$1.36T,$44.82B,19.99M BTC,3.98% (24h),,
2026-03-06 15:47:19,"$68,068.67",$1.36T,$44.72B,19.99M BTC,4.25% (24h),,
2026-03-06 16:17:50,"$68,138.20",$1.36T,$44.94B,19.99M BTC,4.56% (24h),,
2026-03-06 16:49:04,"$68,268.94",$1.36T,$44.67B,19.99M BTC,4.2% (24h),,
2026-03-06 17:15:17,"$68,294.52",$1.36T,$44.83B,19.99M BTC,3.99% (24h),,
2026-03-06 17:52:00,"$68,371.32",$1.36T,$44.31B,19.99M BTC,4.02% (24h),,
2026-03-06 18:33:57,"$68,313.19",$1.36T,$44.05B,19.99M BTC,3.9% (24h),,
2026-03-06 18:57:47,"$68,115.57",$1.36T,$43.89B,19.99M BTC,3.79% (24h),,
2026-03-06 21:34:32,"$68,126.06",$1.36T,$41.76B,19.99M BTC,4.31% (24h),,
2026-03-06 23:14:50,"$67,957.80",$1.35T,$41.13B,19.99M BTC,4.18% (24h),,
2026-03-07 00:12:37,"$67,976.07",$1.35T,$40.83B,19.99M BTC,3.48% (24h),,
2026-03-07 00:56:33,"$68,048.41",$1.36T,$40.44B,19.99M BTC,3.23% (24h),,
2026-03-07 01:51:46,"$67,802.14",$1.35T,$39.91B,19.99M BTC,4.12% (24h),,
2026-03-07 02:23:34,"$67,647.03",$1.35T,$40.21B,19.99M BTC,4.37% (24h),,
2026-03-07 02:51:35,"$67,808.67",$1.35T,$39.91B,19.99M BTC,4.66% (24h),,
2026-03-07 03:20:38,"$67,928.42",$1.35T,$39.52B,19.99M BTC,4.28% (24h),,
2026-03-07 03:52:39,"$67,910.39",$1.35T,$39.37B,19.99M BTC,4.13% (24h),,
2026-03-07 04:35:42,"$67,983.14",$1.35T,$38.85B,19.99M BTC,3.32% (24h),,
2026-03-07 04:56:54,"$68,029.65",$1.36T,$38.46B,19.99M BTC,3.51% (24h),,
2026-03-07 05:30:44,"$67,962.25",$1.35T,$38.49B,19.99M BTC,3.96% (24h),,
2026-03-07 05:53:49,"$67,923.52",$1.35T,$38.3B,19.99M BTC,3.75% (24h),,
2026-03-07 06:26:34,"$68,144.40",$1.36T,$38.01B,19.99M BTC,3.42% (24h),,
2026-03-07 06:46:14,"$68,096.38",$1.36T,$38.01B,19.99M BTC,3.16% (24h),,
2026-03-07 06:59:25,"$68,020.01",$1.36T,$37.79B,19.99M BTC,3.1% (24h),,
2026-03-07 08:07:33,"$67,968.18",$1.35T,$35.3B,19.99M BTC,2.88% (24h),,
2026-03-07 08:50:02,"$67,911.65",$1.35T,$34.18B,19.99M BTC,2.91% (24h),,
2026-03-07 09:13:25,"$67,634.98",$1.35T,$31.6B,19.99M BTC,1.57% (24h),,
2026-03-07 09:46:14,"$68,036.33",$1.36T,$29.99B,19.99M BTC,1.03% (24h),,
2026-03-07 10:02:07,"$67,988.97",$1.35T,$28.93B,19.99M BTC,0.59% (24h),,
2026-03-07 10:36:56,"$68,003.89",$1.36T,$27.64B,19.99M BTC,1.3% (24h),,
2026-03-07 10:54:57,"$67,891.48",$1.35T,$27.02B,19.99M BTC,0.64% (24h),,
2026-03-07 11:35:39,"$67,798.17",$1.35T,$26.23B,19.99M BTC,0.86% (24h),,
2026-03-07 11:57:36,"$67,801.20",$1.35T,$25.79B,19.99M BTC,0.83% (24h),,
2026-03-07 12:30:01,"$67,875.05",$1.35T,$25.16B,19.99M BTC,0.54% (24h),,
2026-03-07 12:51:12,"$67,869.35",$1.35T,$24.06B,19.99M BTC,0.24% (24h),,
2026-03-07 13:21:10,"$67,626.51",$1.35T,$22.5B,19.99M BTC,1.04% (24h),,
2026-03-07 13:55:07,"$67,597.97",$1.35T,$22.98B,19.99M BTC,0.93% (24h),,
2026-03-07 14:28:06,"$67,225.69",$1.34T,$22.91B,19.99M BTC,1.46% (24h),,
2026-03-07 14:47:22,"$67,249.70",$1.34T,$22.96B,19.99M BTC,1.26% (24h),,
2026-03-07 14:59:33,"$67,101.72",$1.34T,$23.73B,19.99M BTC,1.52% (24h),,
2026-03-07 15:37:21,"$67,325.58",$1.34T,$24.2B,19.99M BTC,0.73% (24h),,
2026-03-07 15:57:13,"$67,414.57",$1.34T,$24.12B,19.99M BTC,0.99% (24h),,
2026-03-07 16:28:19,"$67,477.17",$1.34T,$23.39B,19.99M BTC,0.75% (24h),,
2026-03-07 16:48:10,"$67,310.00",$1.34T,$23.1B,19.99M BTC,1.35% (24h),,
2026-03-07 17:00:21,"$67,441.39",$1.34T,$23.2B,19.99M BTC,1.22% (24h),,
2026-03-07 17:36:06,"$67,182.42",$1.34T,$23.15B,19.99M BTC,1.58% (24h),,
2026-03-07 17:57:16,"$67,234.40",$1.34T,$23.27B,19.99M BTC,1.71% (24h),,
2026-03-07 18:30:09,"$67,361.14",$1.34T,$23.31B,19.99M BTC,1.4% (24h),,
2026-03-07 18:50:12,"$67,271.68",$1.34T,$23.26B,19.99M BTC,1.39% (24h),,
2026-03-07 19:02:07,"$67,321.17",$1.34T,$23.11B,19.99M BTC,1.18% (24h),,
2026-03-07 22:12:30,"$66,969.54",$1.33T,$23.75B,19.99M BTC,2.02% (24h),,
2026-03-07 23:56:38,"$66,675.59",$1.33T,$24.12B,19.99M BTC,2.08% (24h),,
2026-03-08 00:49:38,"$67,213.95",$1.34T,$24.64B,19.99M BTC,1.24% (24h),,
2026-03-08 01:28:05,"$67,104.11",$1.34T,$24.64B,19.99M BTC,1.16% (24h),,
2026-03-08 03:10:25,"$67,372.12",$1.34T,$24.02B,19.99M BTC,0.19% (24h),,
2026-03-08 03:46:40,"$67,316.28",$1.34T,$24.19B,19.99M BTC,0.71% (24h),,
2026-03-08 04:01:50,"$67,296.70",$1.34T,$24.16B,19.99M BTC,0.78% (24h),,
2026-03-08 04:49:05,"$67,478.57",$1.34T,$24.44B,19.99M BTC,0.61% (24h),,
2026-03-08 05:17:34,"$67,845.95",$1.35T,$24.55B,19.99M BTC,0.29% (24h),,
2026-03-08 05:49:22,"$67,715.95",$1.35T,$25.18B,19.99M BTC,0.44% (24h),,
2026-03-08 06:13:47,"$67,858.95",$1.35T,$25.34B,19.99M BTC,0.29% (24h),,
2026-03-08 06:47:37,"$67,929.27",$1.35T,$25.79B,19.99M BTC,0.04% (24h),,
2026-03-08 07:02:59,"$67,846.15",$1.35T,$25.89B,19.99M BTC,0.04% (24h),,
2026-03-08 07:35:01,"$67,587.37",$1.35T,$25.33B,19.99M BTC,0.76% (24h),,
2026-03-08 07:54:07,"$67,523.33",$1.35T,$26.02B,19.99M BTC,0.81% (24h),,
2026-03-08 09:00:29,"$67,332.01",$1.34T,$26.82B,19.99M BTC,0.96% (24h),,
2026-03-08 09:48:03,"$67,100.28",$1.34T,$27.96B,19.99M BTC,1.22% (24h),,
2026-03-08 10:13:58,"$67,298.70",$1.34T,$28.44B,19.99M BTC,0.48% (24h),,
2026-03-08 10:47:39,"$67,114.68",$1.34T,$28.51B,19.99M BTC,1.36% (24h),,
2026-03-08 11:02:59,"$67,315.85",$1.34T,$28.51B,19.99M BTC,0.99% (24h),,
2026-03-08 11:38:28,"$67,173.84",$1.34T,$28.43B,19.99M BTC,1.15% (24h),,
2026-03-08 11:56:44,"$67,181.92",$1.34T,$28.54B,19.99M BTC,1.05% (24h),,
2026-03-08 12:37:00,"$66,888.92",$1.33T,$28.75B,19.99M BTC,1.35% (24h),,
2026-03-08 13:00:26,"$66,875.24",$1.33T,$29.1B,19.99M BTC,1.37% (24h),,
2026-03-08 13:34:40,"$66,983.80",$1.33T,$29.5B,19.99M BTC,1.3% (24h),,
2026-03-08 13:56:54,"$66,969.29",$1.33T,$29.7B,19.99M BTC,1.32% (24h),,
2026-03-08 14:43:10,"$66,837.41",$1.33T,$29.06B,19.99M BTC,1.12% (24h),,
2026-03-08 15:14:09,"$67,024.84",$1.34T,$29.03B,19.99M BTC,0.77% (24h),,
2026-03-08 15:42:06,"$67,323.46",$1.34T,$28.91B,19.99M BTC,0.05% (24h),,
2026-03-08 15:59:29,"$67,288.71",$1.34T,$28.85B,19.99M BTC,0.28% (24h),,
2026-03-08 16:39:01,"$67,488.01",$1.34T,$28.35B,19.99M BTC,0.22% (24h),,
2026-03-08 16:59:02,"$67,210.83",$1.34T,$29.2B,19.99M BTC,0.3% (24h),,
2026-03-08 17:33:54,"$66,961.91",$1.33T,$29.46B,19.99M BTC,0.62% (24h),,
2026-03-08 17:55:37,"$67,014.10",$1.34T,$29.17B,19.99M BTC,0.54% (24h),,
2026-03-08 18:31:03,"$65,826.35",$1.31T,$31.65B,19.99M BTC,2.19% (24h),,
2026-03-08 18:55:34,"$66,209.89",$1.32T,$32.49B,19.99M BTC,1.56% (24h),,
2026-03-08 19:31:49,"$66,495.23",$1.32T,$32.75B,19.99M BTC,1.3% (24h),,
2026-03-08 19:53:20,"$66,094.30",$1.32T,$33.01B,19.99M BTC,1.71% (24h),,
2026-03-08 22:38:29,"$66,500.70",$1.32T,$36.2B,19.99M BTC,0.98% (24h),,
2026-03-09 00:33:22,"$67,514.96",$1.35T,$37.11B,19.99M BTC,0.77% (24h),,
2026-03-09 01:46:16,"$67,886.23",$1.35T,$37.34B,19.99M BTC,1.03% (24h),,
2026-03-09 02:45:14,"$67,350.86",$1.34T,$39.22B,19.99M BTC,0.34% (24h),,
2026-03-09 03:42:58,"$67,409.74",$1.34T,$39.68B,19.99M BTC,0.12% (24h),,
2026-03-09 04:30:07,"$67,814.05",$1.35T,$40.56B,19.99M BTC,0.81% (24h),,
2026-03-09 05:30:02,"$68,004.55",$1.36T,$40.84B,19.99M BTC,0.27% (24h),,
2026-03-09 06:27:57,"$67,903.33",$1.35T,$42.1B,19.99M BTC,0.38% (24h),,
2026-03-09 07:12:00,"$67,681.28",$1.35T,$42.04B,19.99M BTC,0.17% (24h),,
2026-03-09 07:53:26,"$67,688.86",$1.35T,$41.96B,19.99M BTC,0.28% (24h),,
2026-03-09 09:17:04,"$68,395.76",$1.36T,$42.2B,19.99M BTC,1.99% (24h),,
2026-03-09 10:16:17,"$68,933.17",$1.37T,$44.03B,19.99M BTC,2.34% (24h),,
2026-03-09 11:15:45,"$69,219.35",$1.38T,$46.71B,19.99M BTC,2.81% (24h),,
2026-03-09 12:17:35,"$68,781.81",$1.37T,$48.31B,20M BTC,2.54% (24h),,
2026-03-09 13:15:26,"$69,025.24",$1.38T,$49.28B,20M BTC,2.87% (24h),,
2026-03-09 14:05:25,"$68,427.64",$1.36T,$49.82B,20M BTC,2.14% (24h),,
2026-03-09 15:10:11,"$68,514.35",$1.37T,$50.85B,20M BTC,2.34% (24h),,
2026-03-09 15:53:39,"$68,929.30",$1.37T,$52.4B,20M BTC,2.41% (24h),,
2026-03-09 16:41:38,"$68,917.67",$1.37T,$52.53B,20M BTC,2.24% (24h),,
2026-03-09 17:07:07,"$69,082.37",$1.38T,$52.43B,20M BTC,2.9% (24h),,
2026-03-09 17:47:51,"$68,919.57",$1.37T,$52.48B,20M BTC,2.87% (24h),,
2026-03-09 18:16:12,"$68,770.98",$1.37T,$50.99B,20M BTC,4.07% (24h),,
2026-03-09 18:51:23,"$68,654.32",$1.37T,$49.75B,20M BTC,3.91% (24h),,
2026-03-09 19:19:50,"$68,562.43",$1.37T,$49.68B,20M BTC,3.39% (24h),,
2026-03-09 19:48:05,"$68,551.62",$1.37T,$49.64B,20M BTC,3.75% (24h),,
2026-03-09 20:02:54,"$68,416.88",$1.36T,$49.39B,20M BTC,3.58% (24h),,
2026-03-09 22:50:13,"$70,550.63",$1.41T,$49.28B,20M BTC,5.93% (24h),,
2026-03-10 00:26:39,"$69,791.95",$1.39T,$49.5B,20M BTC,3.49% (24h),,
2026-03-10 01:35:05,"$70,126.71",$1.4T,$50.01B,20M BTC,3.71% (24h),,
2026-03-10 02:30:06,"$70,154.79",$1.4T,$48.61B,20M BTC,3.92% (24h),,
2026-03-10 03:27:35,"$70,383.03",$1.4T,$49.46B,20M BTC,4.66% (24h),,
2026-03-10 04:03:47,"$70,464.73",$1.4T,$49.74B,20M BTC,4.37% (24h),,
2026-03-10 05:01:01,"$70,689.15",$1.41T,$50.34B,20M BTC,4.26% (24h),,
2026-03-10 05:58:36,"$71,040.82",$1.42T,$50.57B,20M BTC,4.51% (24h),,
2026-03-10 06:55:01,"$70,863.03",$1.41T,$50.33B,20M BTC,4.77% (24h),,
2026-03-10 07:38:07,"$70,630.16",$1.41T,$51.13B,20M BTC,4.4% (24h),,
2026-03-10 08:02:22,"$70,577.45",$1.41T,$51.2B,20M BTC,4.07% (24h),,
2026-03-10 09:38:34,"$69,948.31",$1.39T,$50.44B,20M BTC,1.71% (24h),,
2026-03-10 10:31:27,"$69,954.68",$1.39T,$49.99B,20M BTC,1.05% (24h),,
2026-03-10 11:40:57,"$71,078.29",$1.42T,$51.56B,20M BTC,3.26% (24h),,
2026-03-10 12:42:14,"$71,261.13",$1.42T,$52.38B,20M BTC,3.2% (24h),,
2026-03-10 13:34:26,"$71,127.18",$1.42T,$52.6B,20M BTC,3.49% (24h),,
2026-03-10 14:29:49,"$70,410.80",$1.4T,$52.99B,20M BTC,2.68% (24h),,
2026-03-10 15:25:25,"$70,128.58",$1.4T,$54.36B,20M BTC,1.63% (24h),,
2026-03-10 16:00:45,"$70,053.28",$1.4T,$53.21B,20M BTC,1.51% (24h),,
2026-03-10 16:48:06,"$70,289.69",$1.4T,$53.24B,20M BTC,2.12% (24h),,
2026-03-10 17:19:07,"$70,101.08",$1.4T,$52.18B,20M BTC,1.57% (24h),,
2026-03-10 17:47:58,"$69,673.40",$1.39T,$53.36B,20M BTC,1.07% (24h),,
2026-03-10 18:03:32,"$69,807.64",$1.39T,$53.56B,20M BTC,1.18% (24h),,
2026-03-10 18:48:01,"$69,666.49",$1.39T,$53.71B,20M BTC,1.42% (24h),,
2026-03-10 19:15:55,"$69,837.66",$1.39T,$53.68B,20M BTC,1.73% (24h),,
2026-03-10 19:46:54,"$69,945.28",$1.39T,$53.99B,20M BTC,2.09% (24h),,
2026-03-10 20:01:56,"$69,839.59",$1.39T,$53.71B,20M BTC,2.05% (24h),,
2026-03-10 22:50:09,"$69,714.78",$1.39T,$52.34B,20M BTC,1.2% (24h),,
2026-03-11 00:27:43,"$69,919.31",$1.39T,$51.84B,20M BTC,0.18% (24h),,
2026-03-11 01:36:48,"$69,854.45",$1.39T,$51.49B,20M BTC,0.35% (24h),,
2026-03-11 02:32:56,"$69,908.58",$1.39T,$51.79B,20M BTC,0.29% (24h),,
2026-03-11 03:32:16,"$69,756.58",$1.39T,$50.41B,20M BTC,0.82% (24h),,
2026-03-11 04:06:38,"$69,735.55",$1.39T,$50.09B,20M BTC,1.18% (24h),,
2026-03-11 05:00:43,"$69,621.11",$1.39T,$48.78B,20M BTC,1.48% (24h),,
2026-03-11 05:58:07,"$69,411.17",$1.38T,$47.7B,20M BTC,2.3% (24h),,
2026-03-11 06:53:59,"$69,596.92",$1.39T,$46.38B,20M BTC,1.76% (24h),,
2026-03-11 07:38:34,"$69,524.62",$1.39T,$47.01B,20M BTC,1.56% (24h),,
2026-03-11 08:02:38,"$69,214.00",$1.38T,$46.98B,20M BTC,1.94% (24h),,
2026-03-11 09:38:21,"$70,891.84",$1.41T,$47.57B,20M BTC,1.31% (24h),,
2026-03-11 10:32:33,"$70,547.94",$1.41T,$48.29B,20M BTC,0.92% (24h),,
2026-03-11 11:35:29,"$70,054.02",$1.4T,$47.57B,20M BTC,1.69% (24h),,
2026-03-11 12:33:34,"$70,530.39",$1.41T,$47.03B,20M BTC,1.15% (24h),,
2026-03-11 13:34:28,"$71,039.98",$1.42T,$47.64B,20M BTC,0.15% (24h),,
2026-03-11 14:34:21,"$70,705.44",$1.41T,$48.06B,20M BTC,0.56% (24h),,
2026-03-11 15:30:37,"$70,535.81",$1.41T,$47.25B,20M BTC,0.79% (24h),,
2026-03-11 16:02:44,"$70,550.54",$1.41T,$46.99B,20M BTC,0.67% (24h),,
2026-03-11 16:50:39,"$70,562.73",$1.41T,$46.62B,20M BTC,0.4% (24h),,
2026-03-11 17:22:32,"$70,595.26",$1.41T,$46.59B,20M BTC,0.81% (24h),,
2026-03-11 17:58:03,"$70,749.70",$1.41T,$45.93B,20M BTC,1.35% (24h),,
2026-03-11 18:35:20,"$70,395.35",$1.4T,$45.61B,20M BTC,1.17% (24h),,
2026-03-11 18:58:02,"$70,345.32",$1.4T,$45.89B,20M BTC,0.94% (24h),,
2026-03-11 19:36:01,"$70,313.02",$1.4T,$45.69B,20M BTC,0.61% (24h),,
2026-03-11 19:58:26,"$70,187.19",$1.4T,$45.23B,20M BTC,0.38% (24h),,
2026-03-11 22:50:51,"$69,418.94",$1.38T,$44.53B,20M BTC,0.41% (24h),,
2026-03-12 00:30:44,"$69,477.58",$1.38T,$43.86B,20M BTC,0.71% (24h),,
2026-03-12 01:39:45,"$69,408.89",$1.38T,$43.61B,20M BTC,0.61% (24h),,
2026-03-12 02:36:10,"$69,493.57",$1.38T,$43.46B,20M BTC,0.58% (24h),,
2026-03-12 03:35:28,"$69,710.20",$1.39T,$43.5B,20M BTC,0.05% (24h),,
2026-03-12 04:08:26,"$69,767.80",$1.39T,$43.46B,20M BTC,0.1% (24h),,
2026-03-12 05:03:27,"$69,852.06",$1.39T,$43.93B,20M BTC,0.36% (24h),,
2026-03-12 06:01:08,"$70,041.34",$1.4T,$44.45B,20M BTC,0.86% (24h),,
2026-03-12 06:56:56,"$70,437.20",$1.4T,$44.73B,20M BTC,1.19% (24h),,
2026-03-12 07:36:14,"$70,552.21",$1.41T,$44.78B,20M BTC,1.43% (24h),,
2026-03-12 07:58:56,"$70,449.21",$1.4T,$45.21B,20M BTC,1.72% (24h),,
2026-03-12 09:23:34,"$70,022.66",$1.4T,$44.03B,20M BTC,0.41% (24h),,
2026-03-12 10:29:04,"$70,036.85",$1.4T,$41.79B,20M BTC,0.59% (24h),,
2026-03-12 11:34:32,"$70,205.84",$1.4T,$42.33B,20M BTC,0.47% (24h),,
2026-03-12 12:42:02,"$70,409.58",$1.4T,$43.14B,20M BTC,0.39% (24h),,
2026-03-12 13:39:47,"$70,437.27",$1.4T,$41.92B,20M BTC,0.22% (24h),,
2026-03-12 14:33:44,"$70,068.84",$1.4T,$40.56B,20M BTC,0.88% (24h),,
2026-03-12 15:30:02,"$70,220.75",$1.4T,$40.1B,20M BTC,0.45% (24h),,
2026-03-12 16:02:39,"$70,506.86",$1.41T,$40.85B,20M BTC,0.06% (24h),,
2026-03-12 16:52:40,"$70,246.66",$1.4T,$41.31B,20M BTC,0.44% (24h),,
2026-03-12 17:39:51,"$70,235.92",$1.4T,$41.06B,20M BTC,0.65% (24h),,
2026-03-12 18:02:33,"$70,273.77",$1.4T,$40.94B,20M BTC,0.72% (24h),,
2026-03-12 18:40:36,"$70,091.50",$1.4T,$40.71B,20M BTC,0.39% (24h),,
2026-03-12 19:02:25,"$70,242.84",$1.4T,$40.21B,20M BTC,0.3% (24h),,
2026-03-12 19:42:20,"$70,541.62",$1.41T,$41.11B,20M BTC,0.22% (24h),,
2026-03-12 20:03:21,"$70,465.02",$1.4T,$40.76B,20M BTC,0.37% (24h),,
2026-03-12 22:53:02,"$71,139.53",$1.42T,$44.72B,20M BTC,2.66% (24h),,
2026-03-13 00:49:45,"$71,356.58",$1.42T,$45.52B,20M BTC,2.89% (24h),,
2026-03-13 01:41:24,"$71,572.90",$1.43T,$45.72B,20M BTC,3.04% (24h),,
2026-03-13 02:36:25,"$71,260.45",$1.42T,$46.06B,20M BTC,2.54% (24h),,
2026-03-13 03:34:09,"$71,424.08",$1.42T,$46.82B,20M BTC,2.41% (24h),,
2026-03-13 04:07:24,"$71,485.60",$1.42T,$47.2B,20M BTC,2.43% (24h),,
2026-03-13 04:59:51,"$71,797.52",$1.43T,$48.03B,20M BTC,2.78% (24h),,
2026-03-13 05:54:02,"$72,036.87",$1.44T,$47.96B,20M BTC,2.94% (24h),,
2026-03-13 06:43:58,"$72,538.91",$1.45T,$48.8B,20M BTC,2.97% (24h),,
2026-03-13 07:21:13,"$72,402.44",$1.44T,$49.06B,20M BTC,2.6% (24h),,
2026-03-13 07:51:32,"$72,258.01",$1.44T,$48.93B,20M BTC,2.37% (24h),,
2026-03-13 08:37:14,"$72,412.66",$1.44T,$48.37B,20M BTC,2.98% (24h),,
2026-03-13 09:46:47,"$73,326.96",$1.46T,$51.2B,20M BTC,4.89% (24h),,
2026-03-13 10:34:13,"$73,815.50",$1.47T,$51.78B,20M BTC,5.83% (24h),,
2026-03-13 11:28:26,"$72,493.14",$1.44T,$55.34B,20M BTC,2.94% (24h),,
2026-03-13 12:09:55,"$71,685.26",$1.43T,$56.83B,20M BTC,2.45% (24h),,
2026-03-13 13:00:23,"$71,898.54",$1.43T,$57.82B,20M BTC,2.11% (24h),,
2026-03-13 13:48:05,"$71,093.30",$1.42T,$59.19B,20M BTC,1.07% (24h),,
2026-03-13 14:25:34,"$70,995.67",$1.42T,$60.11B,20M BTC,1.35% (24h),,
2026-03-13 15:10:24,"$71,212.64",$1.42T,$60.19B,20M BTC,1.82% (24h),,
2026-03-13 15:48:42,"$71,183.28",$1.42T,$60.38B,20M BTC,1.19% (24h),,
2026-03-13 16:19:52,"$71,417.55",$1.42T,$60.08B,20M BTC,1.54% (24h),,
2026-03-13 16:58:24,"$71,374.49",$1.42T,$60.55B,20M BTC,1.69% (24h),,
2026-03-13 17:43:26,"$71,142.27",$1.42T,$60.86B,20M BTC,1.24% (24h),,
2026-03-13 18:16:44,"$70,713.21",$1.41T,$61.17B,20M BTC,0.75% (24h),,
2026-03-13 18:48:50,"$70,757.17",$1.41T,$61.25B,20M BTC,0.93% (24h),,
2026-03-13 19:16:32,"$70,841.58",$1.41T,$61.17B,20M BTC,0.47% (24h),,
2026-03-13 19:47:56,"$70,960.93",$1.41T,$61.16B,20M BTC,0.63% (24h),,
2026-03-13 20:54:48,"$70,641.71",$1.41T,$57.72B,20M BTC,1.03% (24h),,
2026-03-13 23:29:54,"$71,032.86",$1.42T,$56.71B,20M BTC,0.09% (24h),,
2026-03-14 01:00:31,"$71,061.47",$1.42T,$56.32B,20M BTC,0.41% (24h),,
2026-03-14 01:56:54,"$71,019.29",$1.42T,$55.9B,20M BTC,0.74% (24h),,
2026-03-14 02:57:15,"$70,683.72",$1.41T,$55.48B,20M BTC,0.94% (24h),,
2026-03-14 03:40:40,"$70,592.91",$1.41T,$54.86B,20M BTC,1.21% (24h),,
2026-03-14 04:02:25,"$70,611.41",$1.41T,$54.4B,20M BTC,1.42% (24h),,
2026-03-14 04:52:36,"$70,569.56",$1.41T,$53.15B,20M BTC,1.72% (24h),,
2026-03-14 05:40:51,"$70,619.96",$1.41T,$52.2B,20M BTC,1.69% (24h),,
2026-03-14 06:02:17,"$70,532.29",$1.41T,$52.31B,20M BTC,2.26% (24h),,
2026-03-14 06:47:44,"$70,541.37",$1.41T,$50.92B,20M BTC,2.66% (24h),,
2026-03-14 07:13:47,"$70,668.30",$1.41T,$50.25B,20M BTC,2.23% (24h),,
2026-03-14 07:43:41,"$70,734.54",$1.41T,$49.78B,20M BTC,2.15% (24h),,
2026-03-14 08:01:40,"$70,785.63",$1.41T,$49.61B,20M BTC,2.02% (24h),,
2026-03-14 09:14:29,"$70,767.88",$1.41T,$47.86B,20M BTC,2.84% (24h),,
2026-03-14 09:58:26,"$70,876.19",$1.41T,$44.55B,20M BTC,3.47% (24h),,
2026-03-14 10:39:40,"$70,760.08",$1.41T,$40.72B,20M BTC,3.7% (24h),,
2026-03-14 11:03:04,"$70,677.21",$1.41T,$38.87B,20M BTC,2.17% (24h),,
2026-03-14 11:42:39,"$70,549.76",$1.41T,$35.53B,20M BTC,2.37% (24h),,
2026-03-14 12:03:58,"$70,537.01",$1.41T,$34.38B,20M BTC,1.68% (24h),,
2026-03-14 12:49:24,"$70,667.11",$1.41T,$31.66B,20M BTC,1.64% (24h),,
2026-03-14 13:16:38,"$70,701.45",$1.41T,$30.51B,20M BTC,2% (24h),,
2026-03-14 13:48:24,"$70,670.24",$1.41T,$29B,20M BTC,0.59% (24h),,
2026-03-14 14:20:01,"$70,596.33",$1.41T,$27.27B,20M BTC,0.5% (24h),,
2026-03-14 15:01:50,"$70,640.19",$1.41T,$26.14B,20M BTC,0.53% (24h),,
2026-03-14 15:37:36,"$70,665.09",$1.41T,$25.59B,20M BTC,0.65% (24h),,
2026-03-14 15:56:48,"$70,702.77",$1.41T,$25.37B,20M BTC,0.68% (24h),,
2026-03-14 16:36:09,"$70,758.80",$1.41T,$24.74B,20M BTC,0.73% (24h),,
2026-03-14 17:00:42,"$70,786.69",$1.41T,$24.48B,20M BTC,0.78% (24h),,
2026-03-14 17:37:48,"$70,704.71",$1.41T,$24.19B,20M BTC,0.76% (24h),,
2026-03-14 17:57:50,"$70,798.75",$1.41T,$23.76B,20M BTC,0.5% (24h),,
2026-03-14 18:36:36,"$70,767.73",$1.41T,$22.86B,20M BTC,0.1% (24h),,
2026-03-14 19:00:51,"$70,769.02",$1.41T,$22.56B,20M BTC,0.03% (24h),,
2026-03-14 19:39:31,"$71,151.60",$1.42T,$22.27B,20M BTC,0.29% (24h),,
2026-03-14 20:00:41,"$71,206.86",$1.42T,$22.15B,20M BTC,0.35% (24h),,
2026-03-14 23:28:11,"$71,359.10",$1.42T,$21.55B,20M BTC,0.43% (24h),,
2026-03-15 01:20:58,"$71,675.98",$1.43T,$21.41B,20M BTC,0.81% (24h),,
2026-03-15 02:15:34,"$71,565.15",$1.43T,$21.72B,20M BTC,0.88% (24h),,
2026-03-15 03:17:20,"$71,636.08",$1.43T,$21.15B,20M BTC,1.34% (24h),,
2026-03-15 03:57:56,"$71,450.05",$1.42T,$20.91B,20M BTC,1.22% (24h),,
2026-03-15 04:49:03,"$71,668.98",$1.43T,$20.77B,20M BTC,1.54% (24h),,
2026-03-15 05:22:08,"$71,852.58",$1.43T,$21.35B,20M BTC,1.67% (24h),,
2026-03-15 05:59:18,"$71,826.47",$1.43T,$21.06B,20M BTC,1.81% (24h),,
2026-03-15 06:42:41,"$71,820.03",$1.43T,$21.07B,20M BTC,1.82% (24h),,
2026-03-15 07:14:48,"$71,714.56",$1.43T,$21.06B,20M BTC,1.47% (24h),,
2026-03-15 07:45:06,"$71,754.16",$1.43T,$21.12B,20M BTC,1.45% (24h),,
2026-03-15 08:02:15,"$71,794.31",$1.43T,$20.95B,20M BTC,1.41% (24h),,
2026-03-15 09:17:55,"$71,420.03",$1.42T,$21.24B,20M BTC,0.84% (24h),,
2026-03-15 10:00:54,"$71,582.75",$1.43T,$21.99B,20M BTC,0.97% (24h),,
2026-03-15 10:43:46,"$71,467.50",$1.42T,$22.15B,20M BTC,1.07% (24h),,
2026-03-15 11:16:37,"$71,502.64",$1.43T,$22.15B,20M BTC,1.15% (24h),,
2026-03-15 11:48:45,"$71,509.68",$1.43T,$21.95B,20M BTC,1.37% (24h),,
2026-03-15 12:17:03,"$71,386.53",$1.42T,$21.55B,20M BTC,1.08% (24h),,
2026-03-15 12:53:54,"$71,411.55",$1.42T,$21.67B,20M BTC,1.04% (24h),,
2026-03-15 13:34:39,"$71,504.82",$1.43T,$21.69B,20M BTC,1.14% (24h),,
2026-03-15 14:00:09,"$71,855.12",$1.43T,$21.85B,20M BTC,1.74% (24h),,
2026-03-15 14:56:29,"$71,378.76",$1.42T,$22.27B,20M BTC,0.99% (24h),,
2026-03-15 15:34:10,"$71,542.05",$1.43T,$22.73B,20M BTC,1.21% (24h),,
2026-03-15 15:56:52,"$71,522.40",$1.43T,$22.73B,20M BTC,1.14% (24h),,
2026-03-15 16:37:29,"$71,705.36",$1.43T,$22.58B,20M BTC,1.33% (24h),,
2026-03-15 17:01:01,"$71,728.68",$1.43T,$23.05B,20M BTC,1.27% (24h),,
2026-03-15 17:39:08,"$72,155.30",$1.44T,$23.28B,20M BTC,2.05% (24h),,
2026-03-15 17:59:37,"$72,064.56",$1.44T,$23.74B,20M BTC,1.77% (24h),,
2026-03-15 18:40:19,"$72,317.34",$1.44T,$24.5B,20M BTC,2.15% (24h),,
2026-03-15 19:03:41,"$72,887.74",$1.45T,$26.85B,20M BTC,2.81% (24h),,
2026-03-15 19:44:32,"$72,687.77",$1.45T,$28.07B,20M BTC,2.09% (24h),,
2026-03-15 21:04:06,"$72,491.59",$1.45T,$28.74B,20M BTC,2.07% (24h),,
2026-03-16 00:12:12,"$73,626.21",$1.47T,$33.3B,20M BTC,2.85% (24h),,
2026-03-16 02:00:49,"$74,177.51",$1.48T,$36.27B,20M BTC,3.74% (24h),,
2026-03-16 03:46:13,"$73,495.00",$1.47T,$39B,20M BTC,2.84% (24h),,
2026-03-16 04:43:03,"$73,140.18",$1.46T,$39.98B,20M BTC,2.21% (24h),,
2026-03-16 05:51:02,"$73,305.06",$1.46T,$41.19B,20M BTC,2.19% (24h),,
2026-03-16 06:45:46,"$73,247.26",$1.46T,$41.59B,20M BTC,1.97% (24h),,
2026-03-16 07:37:33,"$73,556.50",$1.47T,$42.36B,20M BTC,2.56% (24h),,
2026-03-16 08:37:48,"$73,787.92",$1.47T,$43.53B,20M BTC,2.88% (24h),,
2026-03-16 10:06:19,"$74,197.29",$1.48T,$43.51B,20M BTC,3.67% (24h),,
2026-03-16 11:22:42,"$73,855.20",$1.47T,$47.66B,20M BTC,3.27% (24h),,
2026-03-16 12:39:17,"$73,434.39",$1.46T,$49.82B,20M BTC,2.76% (24h),,
2026-03-16 13:45:15,"$73,900.92",$1.47T,$51.29B,20M BTC,3.3% (24h),,
2026-03-16 14:43:01,"$74,229.71",$1.48T,$53.65B,20M BTC,3.49% (24h),,
2026-03-16 15:45:38,"$74,137.96",$1.48T,$54.86B,20M BTC,3.68% (24h),,
2026-03-16 16:24:47,"$73,997.31",$1.48T,$55.53B,20M BTC,3.46% (24h),,
2026-03-16 17:08:04,"$74,297.10",$1.48T,$55.19B,20M BTC,3.67% (24h),,
2026-03-16 17:55:23,"$74,502.83",$1.49T,$56.9B,20M BTC,3.38% (24h),,
2026-03-16 18:41:09,"$74,698.76",$1.49T,$56.97B,20M BTC,3.12% (24h),,
2026-03-16 19:05:44,"$74,452.18",$1.48T,$56.04B,20M BTC,2.05% (24h),,
2026-03-16 19:44:40,"$74,874.04",$1.49T,$55.23B,20M BTC,2.98% (24h),,
2026-03-16 20:56:51,"$75,009.99",$1.5T,$57.37B,20M BTC,3.34% (24h),,
2026-03-16 23:36:58,"$74,557.11",$1.49T,$60.65B,20M BTC,1.17% (24h),,
2026-03-17 01:13:48,"$74,380.42",$1.48T,$58.67B,20M BTC,0.47% (24h),,
2026-03-17 02:19:18,"$74,096.22",$1.48T,$57.94B,20M BTC,0.48% (24h),,
2026-03-17 03:35:39,"$74,367.44",$1.48T,$57.62B,20M BTC,0.91% (24h),,
2026-03-17 04:30:13,"$74,335.29",$1.48T,$56.69B,20M BTC,1.32% (24h),,
2026-03-17 05:33:55,"$74,286.89",$1.48T,$55.62B,20M BTC,1.46% (24h),,
2026-03-17 06:33:25,"$73,667.86",$1.47T,$56.27B,20M BTC,0.4% (24h),,
2026-03-17 07:30:33,"$74,009.66",$1.48T,$56.18B,20M BTC,0.61% (24h),,
2026-03-17 08:08:20,"$74,099.74",$1.48T,$56.14B,20M BTC,0.78% (24h),,
2026-03-17 09:52:33,"$73,454.42",$1.46T,$54.43B,20M BTC,0.92% (24h),,
2026-03-17 11:03:45,"$74,872.97",$1.49T,$53.22B,20M BTC,1.93% (24h),,
2026-03-17 12:18:31,"$74,160.68",$1.48T,$52.24B,20M BTC,1.01% (24h),,
2026-03-17 13:33:29,"$74,371.89",$1.48T,$53.99B,20M BTC,0.84% (24h),,
2026-03-17 14:36:20,"$74,603.44",$1.49T,$53.04B,20M BTC,0.35% (24h),,
2026-03-17 15:41:54,"$74,675.60",$1.49T,$52.75B,20M BTC,0.68% (24h),,
2026-03-17 16:26:06,"$74,626.18",$1.49T,$52.81B,20M BTC,0.81% (24h),,
2026-03-17 17:07:46,"$74,497.23",$1.49T,$52.66B,20M BTC,0.3% (24h),,
2026-03-17 17:54:57,"$74,708.64",$1.49T,$51.72B,20M BTC,0.25% (24h),,
2026-03-17 18:40:14,"$73,983.39",$1.47T,$50.56B,20M BTC,1.04% (24h),,
2026-03-17 19:06:48,"$74,311.76",$1.48T,$50.25B,20M BTC,0.19% (24h),,
2026-03-17 19:47:46,"$74,008.16",$1.48T,$49.76B,20M BTC,1.17% (24h),,
2026-03-17 21:01:21,"$73,907.73",$1.47T,$46.92B,20M BTC,1.94% (24h),,
2026-03-17 23:48:32,"$74,492.47",$1.49T,$42.39B,20M BTC,0.23% (24h),,
2026-03-18 01:21:13,"$74,229.90",$1.48T,$39.31B,20M BTC,0.08% (24h),,
2026-03-18 02:38:49,"$74,175.11",$1.48T,$37.89B,20M BTC,0.06% (24h),,
2026-03-18 03:41:15,"$73,751.98",$1.47T,$37.54B,20M BTC,0.81% (24h),,
2026-03-18 04:32:27,"$74,016.54",$1.48T,$37.52B,20M BTC,0.41% (24h),,
2026-03-18 05:34:31,"$74,199.05",$1.48T,$37.19B,20M BTC,0.08% (24h),,
2026-03-18 06:35:51,"$74,087.27",$1.48T,$35.88B,20M BTC,0.56% (24h),,
2026-03-18 07:32:01,"$73,091.17",$1.46T,$35.56B,20M BTC,1.23% (24h),,
2026-03-18 08:35:38,"$72,423.69",$1.44T,$38.59B,20M BTC,1.92% (24h),,
2026-03-18 10:07:03,"$71,990.51",$1.44T,$39.4B,20M BTC,2.29% (24h),,
2026-03-18 11:37:38,"$71,363.85",$1.42T,$42.6B,20M BTC,3.22% (24h),,
2026-03-18 12:43:07,"$71,269.14",$1.42T,$43.12B,20M BTC,3.78% (24h),,
2026-03-18 13:49:24,"$71,662.66",$1.43T,$43.55B,20M BTC,3.74% (24h),,
2026-03-18 14:44:23,"$71,632.16",$1.43T,$44.3B,20M BTC,4.11% (24h),,
2026-03-18 15:40:45,"$71,144.16",$1.42T,$43.91B,20M BTC,4.8% (24h),,
2026-03-18 16:22:04,"$70,806.01",$1.41T,$45.56B,20M BTC,4.98% (24h),,
2026-03-18 17:06:04,"$71,330.28",$1.42T,$45.3B,20M BTC,4.3% (24h),,
2026-03-18 17:50:47,"$71,331.16",$1.42T,$45.95B,20M BTC,4.53% (24h),,
2026-03-18 18:21:27,"$71,083.28",$1.42T,$46.01B,20M BTC,4.65% (24h),,
2026-03-18 18:55:38,"$71,098.92",$1.42T,$45.94B,20M BTC,4.28% (24h),,
2026-03-18 19:36:25,"$71,327.14",$1.42T,$45.96B,20M BTC,3.77% (24h),,
2026-03-18 19:59:57,"$71,252.82",$1.42T,$46.22B,20M BTC,3.63% (24h),,
2026-03-18 23:17:12,"$71,234.21",$1.42T,$45.09B,20M BTC,4.11% (24h),,
2026-03-19 01:08:48,"$70,832.81",$1.41T,$46.78B,20M BTC,4.54% (24h),,
2026-03-19 02:11:57,"$70,858.77",$1.41T,$46.5B,20M BTC,4.34% (24h),,
2026-03-19 03:30:31,"$69,827.94",$1.39T,$48.22B,20M BTC,5.44% (24h),,
2026-03-19 04:06:36,"$70,136.02",$1.4T,$49.32B,20M BTC,5.23% (24h),,
2026-03-19 05:02:01,"$70,113.11",$1.4T,$50.36B,20M BTC,5.33% (24h),,
2026-03-19 06:01:39,"$70,464.60",$1.4T,$51.63B,20M BTC,5.03% (24h),,
2026-03-19 09:08:46,"$69,407.78",$1.38T,$48.38B,20M BTC,4.13% (24h),,
2026-03-19 10:05:16,"$69,828.97",$1.39T,$49B,20M BTC,3.05% (24h),,
2026-03-19 10:55:21,"$69,504.74",$1.39T,$47.65B,20M BTC,2.66% (24h),,
2026-03-19 12:01:11,"$69,402.30",$1.38T,$46.81B,20M BTC,2.86% (24h),,
2026-03-19 13:10:29,"$69,140.87",$1.38T,$45.82B,20M BTC,2.98% (24h),,
2026-03-19 14:04:20,"$69,741.68",$1.39T,$45.88B,20M BTC,2.93% (24h),,
2026-03-19 15:14:27,"$70,341.00",$1.4T,$45.15B,20M BTC,1.41% (24h),,
2026-03-19 15:57:21,"$70,229.03",$1.4T,$45.89B,20M BTC,1.25% (24h),,
2026-03-19 16:48:33,"$70,455.68",$1.4T,$44.73B,20M BTC,1% (24h),,
2026-03-19 17:24:05,"$70,539.83",$1.41T,$44.59B,20M BTC,1.13% (24h),,
2026-03-19 17:57:34,"$70,473.26",$1.4T,$44.82B,20M BTC,1.23% (24h),,
2026-03-19 18:37:53,"$70,023.66",$1.4T,$44.66B,20M BTC,1.42% (24h),,
2026-03-19 19:03:28,"$70,220.80",$1.4T,$44.61B,20M BTC,1.4% (24h),,
2026-03-19 19:44:23,"$69,845.04",$1.39T,$44.55B,20M BTC,2.02% (24h),,
2026-03-19 20:56:49,"$70,191.94",$1.4T,$44.67B,20M BTC,1.22% (24h),,
2026-03-19 23:33:22,"$70,748.46",$1.41T,$44.48B,20M BTC,0.89% (24h),,
2026-03-20 01:08:20,"$70,795.27",$1.41T,$44.85B,20M BTC,0% (24h),,
2026-03-20 02:08:05,"$70,545.94",$1.41T,$44.85B,20M BTC,0.4% (24h),,
2026-03-20 03:15:01,"$70,267.21",$1.4T,$44.33B,20M BTC,0.28% (24h),,
2026-03-20 03:59:41,"$70,853.60",$1.41T,$42.61B,20M BTC,0.9% (24h),,
2026-03-20 04:57:05,"$71,084.10",$1.42T,$42.64B,20M BTC,1.57% (24h),,
2026-03-20 05:51:43,"$70,554.79",$1.41T,$42.38B,20M BTC,0.11% (24h),,
2026-03-20 06:30:32,"$70,312.23",$1.4T,$41.82B,20M BTC,0.13% (24h),,
2026-03-20 07:08:16,"$70,716.77",$1.41T,$42.17B,20M BTC,0.81% (24h),,
2026-03-20 07:47:15,"$70,370.10",$1.4T,$42.31B,20M BTC,0.49% (24h),,
2026-03-20 08:27:44,"$70,435.83",$1.4T,$41.68B,20M BTC,1.2% (24h),,
2026-03-20 09:43:16,"$70,175.36",$1.4T,$39.71B,20M BTC,0.59% (24h),,
2026-03-20 10:34:53,"$70,149.03",$1.4T,$40.29B,20M BTC,1.26% (24h),,
2026-03-20 11:28:21,"$69,777.99",$1.39T,$40.04B,20M BTC,0.76% (24h),,
2026-03-20 12:09:58,"$69,935.72",$1.39T,$39.04B,20M BTC,0.89% (24h),,
2026-03-20 13:04:22,"$69,919.76",$1.39T,$38.95B,20M BTC,0.77% (24h),,
2026-03-20 13:54:08,"$69,757.93",$1.39T,$39.09B,20M BTC,0.12% (24h),,
2026-03-20 14:58:48,"$69,700.66",$1.39T,$39.41B,20M BTC,0.14% (24h),,
2026-03-20 15:42:09,"$69,853.39",$1.39T,$38.37B,20M BTC,0.79% (24h),,
2026-03-20 16:18:17,"$70,160.22",$1.4T,$38.38B,20M BTC,0.27% (24h),,
2026-03-20 16:54:50,"$70,032.42",$1.4T,$38.4B,20M BTC,0.65% (24h),,
2026-03-20 17:37:41,"$70,572.47",$1.41T,$38.5B,20M BTC,0.04% (24h),,
2026-03-20 17:59:32,"$70,541.45",$1.41T,$38.51B,20M BTC,0.07% (24h),,
2026-03-20 18:40:57,"$70,745.30",$1.41T,$38.84B,20M BTC,0.99% (24h),,
2026-03-20 19:04:04,"$70,685.68",$1.41T,$38.76B,20M BTC,0.62% (24h),,
2026-03-20 19:43:47,"$70,507.19",$1.41T,$38.62B,20M BTC,0.99% (24h),,
2026-03-20 20:06:18,"$70,556.86",$1.41T,$38.09B,20M BTC,0.95% (24h),,
2026-03-20 22:48:15,"$70,727.01",$1.41T,$36.46B,20M BTC,0.64% (24h),,
2026-03-21 00:22:59,"$70,756.79",$1.41T,$35.31B,20M BTC,0.15% (24h),,
2026-03-21 01:29:10,"$70,772.93",$1.41T,$34.97B,20M BTC,0.18% (24h),,
2026-03-21 02:05:22,"$70,730.16",$1.41T,$35.39B,20M BTC,0.2% (24h),,
2026-03-21 03:03:35,"$70,762.12",$1.41T,$35.47B,20M BTC,0.76% (24h),,
2026-03-21 03:46:30,"$70,734.05",$1.41T,$34.33B,20M BTC,0.15% (24h),,
2026-03-21 04:03:03,"$70,700.20",$1.41T,$33.97B,20M BTC,0.2% (24h),,
2026-03-21 04:51:07,"$70,582.42",$1.41T,$33.17B,20M BTC,0.76% (24h),,
2026-03-21 05:23:05,"$70,637.78",$1.41T,$32.52B,20M BTC,0.03% (24h),,
2026-03-21 05:56:30,"$70,650.62",$1.41T,$31.95B,20M BTC,0.13% (24h),,
2026-03-21 06:34:23,"$70,595.35",$1.41T,$31.61B,20M BTC,0.29% (24h),,
2026-03-21 06:59:37,"$70,586.16",$1.41T,$31.34B,20M BTC,0.02% (24h),,
2026-03-21 07:33:53,"$70,584.04",$1.41T,$30.96B,20M BTC,0.15% (24h),,
2026-03-21 07:55:54,"$70,604.40",$1.41T,$30.77B,20M BTC,0.27% (24h),,
2026-03-21 09:01:17,"$70,714.82",$1.41T,$30.06B,20M BTC,0.54% (24h),,
2026-03-21 09:51:11,"$70,724.19",$1.41T,$28.57B,20M BTC,0.83% (24h),,
2026-03-21 10:18:58,"$70,938.34",$1.41T,$27.45B,20M BTC,1.66% (24h),,
2026-03-21 10:50:03,"$70,774.89",$1.41T,$26.66B,20M BTC,1.17% (24h),,
2026-03-21 11:15:32,"$70,631.49",$1.41T,$26.06B,20M BTC,1.23% (24h),,
2026-03-21 11:45:55,"$70,638.03",$1.41T,$25.23B,20M BTC,1.02% (24h),,
2026-03-21 12:03:07,"$70,634.92",$1.41T,$24.91B,20M BTC,1% (24h),,
2026-03-21 12:48:11,"$70,415.31",$1.4T,$24.14B,20M BTC,0.91% (24h),,
2026-03-21 13:15:20,"$70,250.85",$1.4T,$23.75B,20M BTC,0.66% (24h),,
2026-03-21 13:46:51,"$70,393.29",$1.4T,$23.21B,20M BTC,1.16% (24h),,
2026-03-21 14:03:21,"$70,327.88",$1.4T,$22.82B,20M BTC,0.51% (24h),,
2026-03-21 14:54:35,"$70,377.52",$1.4T,$21.92B,20M BTC,0.79% (24h),,
2026-03-21 15:30:51,"$70,413.33",$1.4T,$21.57B,20M BTC,0.79% (24h),,
2026-03-21 15:50:23,"$70,348.83",$1.4T,$21.34B,20M BTC,0.64% (24h),,
2026-03-21 16:14:01,"$70,412.06",$1.4T,$20.96B,20M BTC,0.26% (24h),,
2026-03-21 16:47:18,"$70,470.60",$1.4T,$20.72B,20M BTC,0.74% (24h),,
2026-03-21 17:14:40,"$70,364.65",$1.4T,$20.8B,20M BTC,0.41% (24h),,
2026-03-21 17:44:19,"$70,379.32",$1.4T,$20.36B,20M BTC,0.02% (24h),,
2026-03-21 18:01:49,"$70,322.21",$1.4T,$20.06B,20M BTC,0.43% (24h),,
2026-03-21 18:39:02,"$70,356.86",$1.4T,$19.61B,20M BTC,0.44% (24h),,
2026-03-21 19:00:28,"$70,272.78",$1.4T,$19.67B,20M BTC,0.72% (24h),,
2026-03-21 19:36:35,"$70,140.57",$1.4T,$19.51B,20M BTC,0.49% (24h),,
2026-03-21 19:57:37,"$68,903.48",$1.37T,$21.03B,20M BTC,2.29% (24h),,
2026-03-21 22:52:40,"$69,281.23",$1.38T,$25.51B,20M BTC,2.04% (24h),,
2026-03-22 00:58:11,"$69,329.29",$1.38T,$26.5B,20M BTC,1.85% (24h),,
2026-03-22 02:00:17,"$69,137.26",$1.38T,$25.99B,20M BTC,2.2% (24h),,
2026-03-22 03:04:12,"$69,208.09",$1.38T,$25.44B,20M BTC,2.19% (24h),,
2026-03-22 03:49:59,"$69,032.10",$1.38T,$25.37B,20M BTC,2.4% (24h),,
2026-03-22 04:19:55,"$68,850.14",$1.37T,$25.52B,20M BTC,2.53% (24h),,
2026-03-22 04:55:56,"$68,722.12",$1.37T,$25.94B,20M BTC,2.63% (24h),,
2026-03-22 05:39:40,"$68,753.33",$1.37T,$26.18B,20M BTC,2.67% (24h),,
2026-03-22 06:01:08,"$68,787.04",$1.37T,$26.3B,20M BTC,2.65% (24h),,
2026-03-22 06:42:13,"$68,614.65",$1.37T,$26.16B,20M BTC,2.8% (24h),,
2026-03-22 07:13:27,"$68,676.32",$1.37T,$26.32B,20M BTC,2.68% (24h),,
2026-03-22 07:43:10,"$68,323.11",$1.36T,$26.59B,20M BTC,3.22% (24h),,
2026-03-22 08:01:01,"$68,260.52",$1.36T,$26.9B,20M BTC,3.36% (24h),,
2026-03-22 09:13:41,"$68,784.22",$1.37T,$28B,20M BTC,2.75% (24h),,
2026-03-22 09:56:46,"$68,749.37",$1.37T,$28.29B,20M BTC,2.78% (24h),,
2026-03-22 10:35:08,"$68,801.25",$1.37T,$28.12B,20M BTC,3.06% (24h),,
2026-03-22 11:00:13,"$68,718.64",$1.37T,$28.06B,20M BTC,2.68% (24h),,
2026-03-22 11:37:29,"$68,790.15",$1.37T,$27.96B,20M BTC,2.68% (24h),,
2026-03-22 11:58:06,"$68,823.26",$1.37T,$27.9B,20M BTC,2.58% (24h),,
2026-03-22 12:40:52,"$68,739.94",$1.37T,$27.83B,20M BTC,2.4% (24h),,
2026-03-22 13:03:02,"$68,791.87",$1.37T,$27.71B,20M BTC,2.14% (24h),,
2026-03-22 13:40:48,"$68,688.53",$1.37T,$27.6B,20M BTC,2.39% (24h),,
2026-03-22 14:00:18,"$68,652.94",$1.37T,$27.59B,20M BTC,2.36% (24h),,
2026-03-22 14:53:17,"$68,580.30",$1.37T,$27.88B,20M BTC,2.57% (24h),,
2026-03-22 15:32:10,"$68,263.64",$1.36T,$28.12B,20M BTC,3.04% (24h),,
2026-03-22 15:54:40,"$68,229.13",$1.36T,$29.02B,20M BTC,3% (24h),,
2026-03-22 16:35:51,"$68,298.39",$1.36T,$29.11B,20M BTC,3.05% (24h),,
2026-03-22 16:59:57,"$68,183.52",$1.36T,$28.92B,20M BTC,3.22% (24h),,
2026-03-22 17:36:43,"$67,723.69",$1.35T,$30.21B,20M BTC,3.73% (24h),,
2026-03-22 17:58:03,"$67,845.58",$1.35T,$30.52B,20M BTC,3.53% (24h),,
2026-03-22 18:35:55,"$68,228.13",$1.36T,$31.33B,20M BTC,2.98% (24h),,
2026-03-22 19:00:20,"$68,310.58",$1.36T,$31.46B,20M BTC,2.81% (24h),,
2026-03-22 19:39:52,"$68,056.67",$1.36T,$31.6B,20M BTC,2.98% (24h),,
2026-03-22 20:01:29,"$67,948.62",$1.35T,$30.47B,20M BTC,1.17% (24h),,
2026-03-22 23:21:34,"$68,233.29",$1.36T,$28.07B,20M BTC,1.56% (24h),,
2026-03-23 01:20:02,"$68,792.02",$1.37T,$27.93B,20M BTC,0.65% (24h),,
2026-03-23 02:45:16,"$67,774.73",$1.35T,$29.23B,20M BTC,2.05% (24h),,
2026-03-23 03:53:19,"$68,366.59",$1.36T,$31.15B,20M BTC,0.97% (24h),,
2026-03-23 05:05:13,"$68,303.58",$1.36T,$32.71B,20M BTC,0.68% (24h),,
2026-03-23 06:14:17,"$68,649.43",$1.37T,$32.66B,20M BTC,0.11% (24h),,
2026-03-23 07:13:09,"$71,412.04",$1.42T,$36.3B,20M BTC,3.99% (24h),,
2026-03-23 07:58:18,"$70,101.81",$1.4T,$40.97B,20M BTC,2.74% (24h),,
2026-03-23 09:42:41,"$71,168.00",$1.42T,$44.82B,20M BTC,3.67% (24h),,
2026-03-23 10:46:06,"$71,263.67",$1.42T,$48.12B,20M BTC,3.55% (24h),,
2026-03-23 11:47:25,"$70,526.22",$1.41T,$49.09B,20M BTC,2.53% (24h),,
2026-03-23 12:42:07,"$70,413.93",$1.4T,$50.69B,20M BTC,2.47% (24h),,
2026-03-23 13:39:56,"$70,994.67",$1.42T,$53.31B,20M BTC,3.34% (24h),,
2026-03-23 14:34:31,"$71,022.96",$1.42T,$53.76B,20M BTC,3.49% (24h),,
2026-03-23 15:36:09,"$70,950.36",$1.41T,$54.16B,20M BTC,3.76% (24h),,
2026-03-23 16:23:46,"$70,789.24",$1.41T,$54.22B,20M BTC,3.41% (24h),,
2026-03-23 17:05:20,"$70,883.88",$1.41T,$54.38B,20M BTC,4.09% (24h),,
2026-03-23 17:50:52,"$70,919.42",$1.41T,$52.56B,20M BTC,4.53% (24h),,
2026-03-23 18:22:08,"$70,640.31",$1.41T,$52.01B,20M BTC,3.8% (24h),,
2026-03-23 19:02:15,"$70,762.23",$1.41T,$51.64B,20M BTC,3.61% (24h),,
2026-03-23 19:48:20,"$70,748.10",$1.41T,$51.27B,20M BTC,3.96% (24h),,
2026-03-23 20:54:32,"$70,768.54",$1.41T,$50.88B,20M BTC,4.46% (24h),,
2026-03-23 23:38:19,"$70,425.39",$1.4T,$50.34B,20M BTC,3.34% (24h),,
2026-03-24 01:15:30,"$70,175.04",$1.4T,$49.13B,20M BTC,2.07% (24h),,
2026-03-24 02:18:02,"$70,363.61",$1.4T,$50.07B,20M BTC,2.57% (24h),,
2026-03-24 03:35:01,"$70,901.35",$1.41T,$49.35B,20M BTC,4.35% (24h),,
2026-03-24 04:30:27,"$70,852.45",$1.41T,$49.01B,20M BTC,3.5% (24h),,
2026-03-24 05:33:51,"$71,029.74",$1.42T,$48.43B,20M BTC,4.22% (24h),,
2026-03-24 06:33:57,"$71,115.03",$1.42T,$48.7B,20M BTC,3.9% (24h),,
2026-03-24 07:31:22,"$71,050.74",$1.42T,$42.57B,20M BTC,0.2% (24h),,
2026-03-24 08:09:15,"$71,012.70",$1.42T,$40.09B,20M BTC,1.52% (24h),,
2026-03-24 09:52:17,"$70,014.81",$1.4T,$37.63B,20M BTC,2.07% (24h),,
2026-03-24 11:04:56,"$69,941.61",$1.39T,$37.96B,20M BTC,2.27% (24h),,
2026-03-24 12:18:11,"$69,953.68",$1.39T,$36.7B,20M BTC,0.61% (24h),,
2026-03-24 13:29:48,"$69,162.64",$1.38T,$36.21B,20M BTC,2% (24h),,
2026-03-24 14:35:08,"$69,488.49",$1.38T,$37.43B,20M BTC,2.21% (24h),,
2026-03-24 15:40:31,"$69,414.09",$1.38T,$37.39B,20M BTC,2.12% (24h),,
2026-03-24 16:25:29,"$69,958.44",$1.39T,$37.09B,20M BTC,1.14% (24h),,
2026-03-24 17:07:38,"$70,107.12",$1.4T,$38.41B,20M BTC,1.12% (24h),,
2026-03-24 17:53:16,"$70,226.43",$1.4T,$38.66B,20M BTC,1% (24h),,
2026-03-24 18:39:13,"$70,229.33",$1.4T,$39.22B,20M BTC,0.61% (24h),,
2026-03-24 19:05:06,"$70,305.34",$1.4T,$39.46B,20M BTC,0.57% (24h),,
2026-03-24 19:47:06,"$70,575.61",$1.41T,$40.34B,20M BTC,0.27% (24h),,
2026-03-24 20:59:49,"$70,836.23",$1.41T,$40.07B,20M BTC,0.2% (24h),,
2026-03-24 23:44:16,"$70,719.99",$1.41T,$40.06B,20M BTC,0.35% (24h),,
2026-03-25 01:17:20,"$71,144.59",$1.42T,$40.5B,20M BTC,1.36% (24h),,
2026-03-25 02:18:26,"$71,173.90",$1.42T,$40.8B,20M BTC,1.15% (24h),,
2026-03-25 03:34:45,"$71,176.72",$1.42T,$40.35B,20M BTC,0.38% (24h),,
2026-03-25 04:30:09,"$71,178.71",$1.42T,$39.56B,20M BTC,0.4% (24h),,
2026-03-25 05:33:03,"$71,268.82",$1.42T,$40.02B,20M BTC,0.29% (24h),,
2026-03-25 06:32:48,"$71,339.16",$1.42T,$39.86B,20M BTC,0.29% (24h),,
2026-03-25 07:28:33,"$71,778.90",$1.43T,$39.79B,20M BTC,1.03% (24h),,
2026-03-25 08:06:54,"$71,801.23",$1.43T,$40.08B,20M BTC,1.12% (24h),,
2026-03-25 09:49:53,"$71,724.15",$1.43T,$41.31B,20M BTC,2.08% (24h),,
2026-03-25 10:51:40,"$71,385.84",$1.42T,$39.96B,20M BTC,2.69% (24h),,
2026-03-25 12:01:54,"$70,856.46",$1.41T,$39.3B,20M BTC,1.47% (24h),,
2026-03-25 13:18:30,"$70,971.79",$1.41T,$39.3B,20M BTC,2.6% (24h),,
2026-03-25 14:14:21,"$70,866.75",$1.41T,$38.52B,20M BTC,2.27% (24h),,
2026-03-25 15:15:29,"$70,827.36",$1.41T,$38.12B,20M BTC,1.76% (24h),,
2026-03-25 15:59:14,"$70,797.19",$1.41T,$38.19B,20M BTC,2.16% (24h),,
2026-03-25 16:53:02,"$71,001.69",$1.42T,$37.57B,20M BTC,1.25% (24h),,
2026-03-25 17:46:31,"$71,064.67",$1.42T,$37.28B,20M BTC,1.15% (24h),,
2026-03-25 18:23:48,"$70,996.05",$1.42T,$36.66B,20M BTC,0.81% (24h),,
2026-03-25 19:05:30,"$71,382.97",$1.42T,$36.57B,20M BTC,1.53% (24h),,
2026-03-25 19:51:20,"$71,223.16",$1.42T,$35.92B,20M BTC,0.85% (24h),,
2026-03-25 21:20:19,"$71,197.75",$1.42T,$35.15B,20M BTC,0.69% (24h),,
2026-03-26 00:08:43,"$70,814.79",$1.41T,$35B,20M BTC,0.01% (24h),,
2026-03-26 01:50:55,"$70,296.57",$1.4T,$34.59B,20M BTC,1.14% (24h),,
2026-03-26 02:57:38,"$70,077.40",$1.4T,$35.45B,20M BTC,1.41% (24h),,
2026-03-26 04:07:21,"$70,049.64",$1.4T,$35.53B,20M BTC,1.14% (24h),,
2026-03-26 05:13:48,"$70,031.62",$1.4T,$34.3B,20M BTC,1.82% (24h),,
2026-03-26 06:16:59,"$69,617.27",$1.39T,$35.37B,20M BTC,2.47% (24h),,
2026-03-26 07:16:16,"$69,538.15",$1.39T,$35.34B,20M BTC,2.94% (24h),,
2026-03-26 08:05:43,"$69,281.85",$1.38T,$34.78B,20M BTC,3.48% (24h),,
2026-03-26 09:58:16,"$69,555.43",$1.39T,$34.28B,20M BTC,2.97% (24h),,
2026-03-26 11:27:28,"$68,987.07",$1.37T,$34.91B,20M BTC,2.75% (24h),,
2026-03-26 14:10:59,"$68,383.24",$1.36T,$35.29B,20M BTC,3.45% (24h),,
2026-03-26 14:52:08,"$68,366.38",$1.36T,$36.6B,20M BTC,3.56% (24h),,
2026-03-26 15:47:41,"$68,601.75",$1.37T,$36.81B,20M BTC,3.2% (24h),,
2026-03-26 16:24:32,"$69,265.03",$1.38T,$37.76B,20M BTC,2.12% (24h),,
2026-03-26 17:03:15,"$68,918.18",$1.37T,$38.41B,20M BTC,2.9% (24h),,
2026-03-26 17:46:30,"$68,941.66",$1.37T,$38.79B,20M BTC,2.97% (24h),,
2026-03-26 18:03:57,"$68,921.16",$1.37T,$38.89B,20M BTC,3.04% (24h),,
2026-03-26 18:51:30,"$68,754.22",$1.37T,$38.95B,20M BTC,3.66% (24h),,
2026-03-26 19:22:50,"$68,770.91",$1.37T,$38.79B,20M BTC,3.5% (24h),,
2026-03-26 19:59:27,"$68,786.15",$1.37T,$38.96B,20M BTC,3.53% (24h),,
2026-03-26 23:26:30,"$68,758.10",$1.37T,$39.18B,20M BTC,2.83% (24h),,
2026-03-27 01:24:32,"$68,672.50",$1.37T,$39.26B,20M BTC,2.7% (24h),,
2026-03-27 02:47:41,"$68,664.21",$1.37T,$38.46B,20M BTC,1.89% (24h),,
2026-03-27 03:50:04,"$68,542.77",$1.37T,$37.89B,20M BTC,2.14% (24h),,
2026-03-27 04:37:15,"$67,728.99",$1.35T,$39.7B,20M BTC,3.02% (24h),,
2026-03-27 05:38:31,"$67,771.57",$1.35T,$40.33B,20M BTC,2.5% (24h),,
2026-03-27 06:32:29,"$67,719.19",$1.35T,$40.23B,20M BTC,2.69% (24h),,
2026-03-27 07:28:58,"$66,662.18",$1.33T,$43.61B,20M BTC,3.69% (24h),,
2026-03-27 08:07:32,"$66,647.19",$1.33T,$44.03B,20M BTC,3.78% (24h),,
2026-03-27 09:43:45,"$66,539.60",$1.33T,$44.57B,20M BTC,3.99% (24h),,
2026-03-27 10:42:13,"$65,838.86",$1.31T,$46.91B,20M BTC,5.39% (24h),,
2026-03-27 11:39:34,"$66,475.49",$1.32T,$47.09B,20M BTC,3.51% (24h),,
2026-03-27 12:37:05,"$65,894.46",$1.31T,$48.66B,20M BTC,4.35% (24h),,
2026-03-27 13:34:32,"$65,854.96",$1.31T,$49.33B,20M BTC,4.7% (24h),,
2026-03-27 14:35:44,"$65,767.66",$1.31T,$48.44B,20M BTC,3.59% (24h),,
2026-03-27 15:29:42,"$65,870.82",$1.31T,$48.32B,20M BTC,3.66% (24h),,
2026-03-27 16:03:17,"$66,078.98",$1.32T,$47.86B,20M BTC,3.49% (24h),,
2026-03-27 16:56:15,"$66,009.89",$1.32T,$46.47B,20M BTC,4.23% (24h),,
2026-03-27 17:42:14,"$66,070.63",$1.32T,$46.76B,20M BTC,4.28% (24h),,
2026-03-27 18:17:34,"$65,962.45",$1.31T,$46.51B,20M BTC,4.28% (24h),,
2026-03-27 18:57:26,"$66,014.38",$1.32T,$46.21B,20M BTC,4.07% (24h),,
2026-03-27 19:40:43,"$66,197.70",$1.32T,$46.33B,20M BTC,3.61% (24h),,
2026-03-27 20:02:08,"$66,321.32",$1.32T,$46.46B,20M BTC,3.48% (24h),,
2026-03-27 23:16:26,"$66,099.29",$1.32T,$45.42B,20M BTC,3.81% (24h),,
2026-03-28 01:07:58,"$66,203.39",$1.32T,$44.85B,20M BTC,3.4% (24h),,
2026-03-28 02:11:44,"$66,305.49",$1.32T,$44.56B,20M BTC,3.45% (24h),,
2026-03-28 03:18:40,"$66,413.29",$1.32T,$44.04B,20M BTC,3.44% (24h),,
2026-03-28 03:58:23,"$66,507.63",$1.33T,$43.14B,20M BTC,2.84% (24h),,
2026-03-28 04:53:53,"$66,360.45",$1.32T,$40.8B,20M BTC,2.34% (24h),,
2026-03-28 05:43:58,"$66,262.87",$1.32T,$39.85B,20M BTC,2.16% (24h),,
2026-03-28 06:19:14,"$66,270.68",$1.32T,$39.39B,20M BTC,2.03% (24h),,
2026-03-28 06:56:10,"$66,166.98",$1.32T,$37.52B,20M BTC,0.38% (24h),,
2026-03-28 07:34:24,"$66,273.01",$1.32T,$35.05B,20M BTC,0.61% (24h),,
2026-03-28 07:57:55,"$66,298.57",$1.32T,$34.44B,20M BTC,0.57% (24h),,
2026-03-28 09:13:12,"$66,473.34",$1.33T,$32.95B,20M BTC,0.04% (24h),,
2026-03-28 10:01:37,"$66,723.36",$1.33T,$31.48B,20M BTC,0.84% (24h),,
2026-03-28 10:46:17,"$66,899.76",$1.33T,$29.41B,20M BTC,1.63% (24h),,
2026-03-28 11:18:26,"$67,004.93",$1.34T,$28.24B,20M BTC,1.29% (24h),,
2026-03-28 11:51:43,"$66,936.79",$1.33T,$27.45B,20M BTC,0.92% (24h),,
2026-03-28 12:23:55,"$67,018.76",$1.34T,$26.25B,20M BTC,1.61% (24h),,
2026-03-28 13:01:48,"$66,888.74",$1.33T,$25.61B,20M BTC,1.41% (24h),,
2026-03-28 13:41:58,"$66,795.62",$1.33T,$24.75B,20M BTC,1.41% (24h),,
2026-03-28 14:21:13,"$66,867.19",$1.33T,$23.88B,20M BTC,1.65% (24h),,
2026-03-28 15:06:09,"$66,870.79",$1.33T,$23.28B,20M BTC,1.77% (24h),,
2026-03-28 15:44:30,"$66,818.22",$1.33T,$22.76B,20M BTC,1.39% (24h),,
2026-03-28 16:15:50,"$66,950.74",$1.33T,$22.11B,20M BTC,1.49% (24h),,
2026-03-28 16:52:51,"$66,904.88",$1.33T,$21.83B,20M BTC,1.42% (24h),,
2026-03-28 17:38:38,"$66,823.44",$1.33T,$21.56B,20M BTC,1.21% (24h),,
2026-03-28 17:59:13,"$66,646.45",$1.33T,$21.54B,20M BTC,0.92% (24h),,
2026-03-28 18:41:44,"$66,684.75",$1.33T,$21.3B,20M BTC,1.17% (24h),,
2026-03-28 19:05:09,"$66,628.82",$1.33T,$21.22B,20M BTC,1% (24h),,
2026-03-28 19:46:30,"$66,342.32",$1.32T,$21.39B,20M BTC,0.11% (24h),,
2026-03-28 21:06:21,"$66,518.32",$1.33T,$20.85B,20M BTC,0.27% (24h),,
2026-03-29 00:11:44,"$66,859.31",$1.33T,$20.42B,20M BTC,1.14% (24h),,
2026-03-29 01:53:36,"$66,732.28",$1.33T,$20.09B,20M BTC,0.62% (24h),,
2026-03-29 03:12:49,"$66,512.32",$1.33T,$19.91B,20M BTC,0.19% (24h),,
2026-03-29 04:01:13,"$66,631.10",$1.33T,$19.7B,20M BTC,0.23% (24h),,
2026-03-29 04:56:03,"$66,668.57",$1.33T,$19.05B,20M BTC,0.45% (24h),,
2026-03-29 05:43:57,"$66,541.02",$1.33T,$18.85B,20M BTC,0.43% (24h),,
2026-03-29 06:20:50,"$66,446.24",$1.32T,$18.97B,20M BTC,0.28% (24h),,
2026-03-29 06:58:37,"$66,478.02",$1.33T,$19.02B,20M BTC,0.43% (24h),,
2026-03-29 07:38:38,"$66,838.50",$1.33T,$19.21B,20M BTC,0.85% (24h),,
2026-03-29 08:00:06,"$66,770.65",$1.33T,$19.25B,20M BTC,0.71% (24h),,
2026-03-29 09:17:39,"$66,591.22",$1.33T,$19.39B,20M BTC,0.21% (24h),,
2026-03-29 10:03:45,"$66,465.66",$1.32T,$18.27B,20M BTC,0.38% (24h),,
2026-03-29 10:53:43,"$66,502.98",$1.33T,$18.25B,20M BTC,0.42% (24h),,
2026-03-29 11:39:18,"$66,328.09",$1.32T,$17.65B,20M BTC,1.06% (24h),,
2026-03-29 12:02:48,"$66,479.87",$1.33T,$17.71B,20M BTC,0.72% (24h),,
2026-03-29 12:52:20,"$66,490.40",$1.33T,$17.68B,20M BTC,0.53% (24h),,
2026-03-29 13:38:19,"$66,249.05",$1.32T,$17.65B,20M BTC,0.91% (24h),,
2026-03-29 14:03:03,"$66,317.27",$1.32T,$17.65B,20M BTC,0.76% (24h),,
2026-03-29 15:02:50,"$66,359.23",$1.32T,$17.44B,20M BTC,0.72% (24h),,
2026-03-29 16:17:12,"$66,431.89",$1.32T,$17.62B,20M BTC,0.77% (24h),,
2026-03-29 16:54:31,"$66,525.05",$1.33T,$17.87B,20M BTC,0.58% (24h),,
2026-03-29 17:38:50,"$66,607.59",$1.33T,$17.94B,20M BTC,0.25% (24h),,
2026-03-29 18:02:08,"$66,415.07",$1.32T,$18B,20M BTC,0.26% (24h),,
2026-03-29 18:51:20,"$65,096.73",$1.3T,$18.79B,20M BTC,2.4% (24h),,
2026-03-29 19:23:59,"$66,113.05",$1.32T,$20.97B,20M BTC,0.35% (24h),,
2026-03-29 19:59:32,"$65,964.22",$1.31T,$21.48B,20M BTC,0.53% (24h),,
2026-03-29 23:34:09,"$67,155.64",$1.34T,$25.33B,20M BTC,0.37% (24h),,
2026-03-30 01:52:20,"$67,450.32",$1.34T,$27.4B,20M BTC,1.14% (24h),,
2026-03-30 03:51:33,"$67,465.31",$1.34T,$28.37B,20M BTC,1.21% (24h),,
2026-03-30 05:04:15,"$67,562.47",$1.35T,$30.46B,20M BTC,1.29% (24h),,
2026-03-30 06:40:58,"$67,361.76",$1.34T,$31.2B,20M BTC,1.31% (24h),,
2026-03-30 07:42:29,"$67,522.59",$1.35T,$31.85B,20M BTC,1.05% (24h),,
2026-03-30 08:44:30,"$67,840.53",$1.35T,$32.74B,20M BTC,1.69% (24h),,
2026-03-30 10:17:53,"$67,545.03",$1.35T,$34.6B,20M BTC,1.4% (24h),,
2026-03-30 11:47:58,"$67,679.15",$1.35T,$36.65B,20M BTC,1.92% (24h),,
2026-03-30 12:44:15,"$67,333.61",$1.34T,$37.23B,20M BTC,1.27% (24h),,
2026-03-30 13:42:18,"$66,858.18",$1.33T,$38.32B,20M BTC,0.88% (24h),,
2026-03-30 14:42:37,"$66,669.11",$1.33T,$39.18B,20M BTC,0.37% (24h),,
2026-03-30 16:32:30,"$66,599.26",$1.33T,$40.04B,20M BTC,0.06% (24h),,
2026-03-30 17:26:51,"$66,820.84",$1.33T,$40.65B,20M BTC,0.38% (24h),,
2026-03-30 18:05:51,"$66,932.42",$1.33T,$40.69B,20M BTC,0.86% (24h),,
2026-03-30 18:56:17,"$66,714.63",$1.33T,$39.38B,20M BTC,1.75% (24h),,
2026-03-30 19:42:05,"$66,630.59",$1.33T,$37.84B,20M BTC,1.1% (24h),,
2026-03-30 21:04:49,"$67,111.95",$1.34T,$36.08B,20M BTC,1.05% (24h),,
2026-03-31 00:08:31,"$67,689.54",$1.35T,$36.66B,20M BTC,0.54% (24h),,
2026-03-31 01:55:06,"$67,672.37",$1.35T,$35.98B,20M BTC,0.28% (24h),,
2026-03-31 03:24:49,"$67,151.29",$1.34T,$36.1B,20M BTC,0.19% (24h),,
2026-03-31 04:39:05,"$67,092.60",$1.34T,$36.25B,20M BTC,1.01% (24h),,
2026-03-31 05:46:40,"$66,399.38",$1.32T,$36.86B,20M BTC,1.63% (24h),,
2026-03-31 06:41:44,"$66,237.53",$1.32T,$37.89B,20M BTC,1.65% (24h),,
2026-03-31 07:39:09,"$66,731.27",$1.33T,$38.45B,20M BTC,1.13% (24h),,
2026-03-31 08:41:32,"$66,834.14",$1.33T,$38.39B,20M BTC,1.42% (24h),,
2026-03-31 10:18:00,"$67,425.47",$1.34T,$38.65B,20M BTC,0.21% (24h),,
2026-03-31 12:44:05,"$67,853.54",$1.35T,$39.26B,20M BTC,0.77% (24h),,
2026-03-31 13:45:18,"$67,662.52",$1.35T,$41.98B,20M BTC,1.14% (24h),,
2026-03-31 14:42:30,"$67,697.84",$1.35T,$42.33B,20M BTC,1.54% (24h),,
2026-03-31 15:45:04,"$67,772.75",$1.35T,$42.15B,20M BTC,2.23% (24h),,
2026-03-31 16:30:16,"$67,931.26",$1.35T,$42.16B,20M BTC,2% (24h),,
2026-03-31 17:08:54,"$68,014.26",$1.36T,$42.5B,20M BTC,2.2% (24h),,
2026-03-31 17:56:35,"$68,286.27",$1.36T,$42.38B,20M BTC,2.2% (24h),,
2026-03-31 18:40:40,"$68,034.79",$1.36T,$42.85B,20M BTC,1.93% (24h),,
2026-03-31 19:18:22,"$68,269.34",$1.36T,$42.99B,20M BTC,2.63% (24h),,
2026-03-31 19:54:11,"$68,257.93",$1.36T,$42.96B,20M BTC,2.33% (24h),,
2026-03-31 23:19:00,"$67,941.76",$1.35T,$42.1B,20M BTC,0.11% (24h),,
2026-04-01 01:35:10,"$68,574.48",$1.37T,$42.02B,20M BTC,1.41% (24h),,
2026-04-01 03:04:53,"$69,118.80",$1.38T,$43.47B,20M BTC,2.5% (24h),,
2026-04-01 04:22:52,"$68,609.43",$1.37T,$43.96B,20M BTC,1.83% (24h),,
2026-04-01 05:48:48,"$68,536.98",$1.37T,$42.14B,20M BTC,3.28% (24h),,
2026-04-01 06:44:13,"$68,504.31",$1.37T,$41.94B,20M BTC,3.48% (24h),,
2026-04-01 07:41:13,"$68,587.69",$1.37T,$41.24B,20M BTC,2.75% (24h),,
2026-04-01 08:44:25,"$68,310.93",$1.36T,$41.16B,20.01M BTC,2.21% (24h),,
2026-04-01 10:22:55,"$68,396.47",$1.36T,$41.11B,20.01M BTC,1.13% (24h),,
2026-04-01 11:55:05,"$68,873.61",$1.37T,$40.38B,20.01M BTC,2.91% (24h),,
2026-04-01 13:02:57,"$68,895.62",$1.37T,$39.3B,20.01M BTC,1.87% (24h),,
2026-04-01 14:02:41,"$68,058.26",$1.36T,$37.42B,20.01M BTC,0.78% (24h),,
2026-04-01 15:21:49,"$68,063.84",$1.36T,$37.58B,20.01M BTC,0.34% (24h),,
2026-04-01 16:09:43,"$68,054.50",$1.36T,$37.62B,20.01M BTC,0.08% (24h),,
2026-04-01 17:01:53,"$68,166.15",$1.36T,$37.33B,20.01M BTC,0.05% (24h),,
2026-04-01 17:55:23,"$68,310.77",$1.36T,$37.14B,20.01M BTC,0% (24h),,
2026-04-01 18:44:09,"$68,218.99",$1.36T,$36.67B,20.01M BTC,0.11% (24h),,
2026-04-01 19:25:34,"$68,088.90",$1.36T,$36.37B,20.01M BTC,0.17% (24h),,
2026-04-01 19:59:45,"$68,082.85",$1.36T,$36.39B,20.01M BTC,0.21% (24h),,
2026-04-01 23:20:49,"$66,691.47",$1.33T,$38.39B,20.01M BTC,1.83% (24h),,
2026-04-02 01:18:32,"$66,390.14",$1.32T,$38.98B,20.01M BTC,3% (24h),,
2026-04-02 02:44:24,"$66,548.66",$1.33T,$38.85B,20.01M BTC,3.58% (24h),,
2026-04-02 03:56:31,"$66,880.32",$1.33T,$37.39B,20.01M BTC,2.6% (24h),,
2026-04-02 05:05:57,"$66,360.93",$1.32T,$36.86B,20.01M BTC,3.38% (24h),,
2026-04-02 06:12:36,"$66,231.60",$1.32T,$36.81B,20.01M BTC,3.34% (24h),,
2026-04-02 07:20:02,"$66,415.04",$1.32T,$36.64B,20.01M BTC,3.08% (24h),,
2026-04-02 08:38:37,"$66,115.58",$1.32T,$37.5B,20.01M BTC,3.22% (24h),,
2026-04-02 09:56:20,"$66,132.98",$1.32T,$37.11B,20.01M BTC,2.91% (24h),,
2026-04-02 11:03:29,"$66,724.33",$1.33T,$38.45B,20.01M BTC,2.69% (24h),,
2026-04-02 12:11:37,"$66,913.10",$1.33T,$38.88B,20.01M BTC,2.71% (24h),,
2026-04-02 13:11:56,"$67,001.42",$1.34T,$39B,20.01M BTC,2.67% (24h),,
2026-04-02 14:03:17,"$66,694.00",$1.33T,$39.58B,20.01M BTC,1.96% (24h),,
2026-04-02 15:15:26,"$67,042.93",$1.34T,$39.74B,20.01M BTC,1.48% (24h),,
2026-04-02 16:01:43,"$66,872.00",$1.33T,$39.71B,20.01M BTC,1.87% (24h),,
2026-04-02 16:50:25,"$66,969.39",$1.34T,$39.41B,20.01M BTC,1.75% (24h),,
2026-04-02 17:26:38,"$66,825.38",$1.33T,$39.56B,20.01M BTC,2.33% (24h),,
2026-04-02 18:03:51,"$66,947.47",$1.33T,$39.32B,20.01M BTC,1.93% (24h),,
2026-04-02 18:51:51,"$66,963.76",$1.33T,$39.28B,20.01M BTC,1.66% (24h),,
2026-04-02 19:41:33,"$66,881.45",$1.33T,$39.32B,20.01M BTC,1.83% (24h),,
2026-04-02 21:03:20,"$66,738.56",$1.33T,$38.95B,20.01M BTC,2.39% (24h),,
2026-04-03 00:03:03,"$66,592.34",$1.33T,$35.04B,20.01M BTC,0.03% (24h),,
2026-04-03 01:50:00,"$66,715.30",$1.33T,$33.84B,20.01M BTC,0.36% (24h),,
2026-04-03 02:54:53,"$66,747.18",$1.33T,$33.73B,20.01M BTC,0.23% (24h),,
2026-04-03 04:05:40,"$67,079.05",$1.34T,$33.83B,20.01M BTC,0.41% (24h),,
2026-04-03 05:09:58,"$66,884.08",$1.33T,$33.78B,20.01M BTC,0.74% (24h),,
2026-04-03 06:05:02,"$66,784.51",$1.33T,$33.43B,20.01M BTC,0.49% (24h),,
2026-04-03 07:03:26,"$66,877.76",$1.33T,$33.08B,20.01M BTC,0.68% (24h),,
2026-04-03 07:52:31,"$66,976.16",$1.34T,$32.43B,20.01M BTC,0.96% (24h),,
2026-04-03 09:15:19,"$66,643.44",$1.33T,$31.59B,20.01M BTC,0.99% (24h),,
2026-04-03 10:10:06,"$66,753.41",$1.33T,$30.28B,20.01M BTC,0.61% (24h),,
2026-04-03 11:03:56,"$66,940.48",$1.33T,$28.34B,20.01M BTC,0.34% (24h),,
2026-04-03 11:54:30,"$66,833.12",$1.33T,$27.66B,20.01M BTC,0.07% (24h),,
2026-04-03 12:50:04,"$67,025.33",$1.34T,$26.69B,20.01M BTC,0.19% (24h),,
2026-04-03 13:23:50,"$66,867.95",$1.33T,$26.26B,20.01M BTC,0.67% (24h),,
2026-04-03 14:04:01,"$66,836.62",$1.33T,$25.3B,20.01M BTC,0.23% (24h),,
2026-04-03 15:05:45,"$66,779.54",$1.33T,$23.62B,20.01M BTC,0.24% (24h),,
2026-04-03 15:53:19,"$66,874.08",$1.33T,$23.83B,20.01M BTC,0.2% (24h),,
2026-04-03 16:43:41,"$66,901.00",$1.33T,$23.38B,20.01M BTC,0.16% (24h),,
2026-04-03 17:21:39,"$66,877.51",$1.33T,$23.2B,20.01M BTC,0.03% (24h),,
2026-04-03 17:56:16,"$66,926.38",$1.33T,$23.2B,20.01M BTC,0.08% (24h),,
2026-04-03 18:40:13,"$66,923.54",$1.33T,$23.05B,20.01M BTC,0.07% (24h),,
2026-04-03 19:19:13,"$66,861.25",$1.33T,$22.74B,20.01M BTC,0.12% (24h),,
2026-04-03 19:54:33,"$66,931.69",$1.33T,$22.76B,20.01M BTC,0.1% (24h),,
2026-04-03 22:37:55,"$66,849.21",$1.33T,$21.23B,20.01M BTC,0.57% (24h),,
2026-04-04 00:32:37,"$66,832.20",$1.33T,$20.15B,20.01M BTC,0.48% (24h),,
2026-04-04 01:45:16,"$66,891.90",$1.33T,$19.7B,20.01M BTC,0.21% (24h),,
2026-04-04 02:44:08,"$66,925.47",$1.33T,$18.98B,20.01M BTC,0.28% (24h),,
2026-04-04 03:40:40,"$66,961.47",$1.33T,$18.4B,20.01M BTC,0.17% (24h),,
2026-04-04 04:25:13,"$67,013.17",$1.34T,$17.89B,20.01M BTC,0.21% (24h),,
2026-04-04 05:09:08,"$66,943.59",$1.33T,$17.57B,20.01M BTC,0.07% (24h),,
2026-04-04 05:55:36,"$66,957.46",$1.33T,$17.37B,20.01M BTC,0.21% (24h),,
2026-04-04 06:40:23,"$67,003.33",$1.34T,$17.21B,20.01M BTC,0.4% (24h),,
2026-04-04 07:06:44,"$67,159.03",$1.34T,$17.33B,20.01M BTC,0.44% (24h),,
2026-04-04 07:42:46,"$67,101.31",$1.34T,$17.51B,20.01M BTC,0.18% (24h),,
2026-04-04 08:24:53,"$67,098.61",$1.34T,$17.12B,20.01M BTC,0.2% (24h),,
2026-04-04 09:36:20,"$67,096.10",$1.34T,$16.29B,20.01M BTC,0.67% (24h),,
2026-04-04 10:20:14,"$67,193.82",$1.34T,$15.98B,20.01M BTC,0.65% (24h),,
2026-04-04 10:57:35,"$67,125.73",$1.34T,$15.9B,20.01M BTC,0.24% (24h),,
2026-04-04 11:40:34,"$67,325.18",$1.34T,$16.27B,20.01M BTC,0.66% (24h),,
2026-04-04 12:03:39,"$67,367.00",$1.34T,$16.17B,20.01M BTC,0.75% (24h),,
2026-04-04 12:53:16,"$67,426.30",$1.34T,$16.13B,20.01M BTC,0.58% (24h),,
2026-04-04 13:37:47,"$67,350.86",$1.34T,$16.01B,20.01M BTC,0.7% (24h),,
2026-04-04 14:03:04,"$67,311.01",$1.34T,$15.97B,20.01M BTC,0.7% (24h),,
2026-04-04 15:02:23,"$67,321.88",$1.34T,$15.8B,20.01M BTC,0.76% (24h),,
2026-04-04 15:45:07,"$67,289.53",$1.34T,$15.78B,20.01M BTC,0.66% (24h),,
2026-04-04 16:15:47,"$67,222.29",$1.34T,$15.95B,20.01M BTC,0.49% (24h),,
2026-04-04 16:53:48,"$67,253.79",$1.34T,$16.02B,20.01M BTC,0.56% (24h),,
2026-04-04 17:38:35,"$67,266.55",$1.34T,$15.87B,20.01M BTC,0.53% (24h),,
2026-04-04 18:00:36,"$67,347.13",$1.34T,$15.97B,20.01M BTC,0.59% (24h),,
2026-04-04 18:43:30,"$67,393.44",$1.34T,$15.95B,20.01M BTC,0.7% (24h),,
2026-04-04 19:18:29,"$67,335.35",$1.34T,$15.96B,20.01M BTC,0.7% (24h),,
2026-04-04 19:51:45,"$67,266.35",$1.34T,$15.91B,20.01M BTC,0.49% (24h),,
2026-04-04 21:27:53,"$67,133.98",$1.34T,$15.97B,20.01M BTC,0.41% (24h),,
2026-04-05 00:23:12,"$67,108.86",$1.34T,$16.25B,20.01M BTC,0.45% (24h),,
2026-04-05 02:01:31,"$66,911.89",$1.33T,$16.12B,20.01M BTC,0% (24h),,
2026-04-05 03:22:05,"$66,827.20",$1.33T,$16.93B,20.01M BTC,0.16% (24h),,
2026-04-05 04:09:03,"$66,849.88",$1.33T,$16.93B,20.01M BTC,0.23% (24h),,
2026-04-05 05:00:17,"$66,921.79",$1.33T,$16.72B,20.01M BTC,0% (24h),,
2026-04-05 05:53:20,"$67,012.27",$1.34T,$16.86B,20.01M BTC,0.07% (24h),,
2026-04-05 06:41:54,"$67,063.02",$1.34T,$17.02B,20.01M BTC,0.07% (24h),,
2026-04-05 07:19:00,"$67,065.50",$1.34T,$16.8B,20.01M BTC,0.08% (24h),,
2026-04-05 07:50:36,"$66,978.08",$1.34T,$16.61B,20.01M BTC,0.19% (24h),,
2026-04-05 08:29:41,"$66,879.67",$1.33T,$16.98B,20.01M BTC,0.32% (24h),,
2026-04-05 09:43:26,"$66,807.75",$1.33T,$17.74B,20.01M BTC,0.64% (24h),,
2026-04-05 10:22:28,"$66,842.15",$1.33T,$17.73B,20.01M BTC,0.52% (24h),,
2026-04-05 11:03:57,"$66,908.87",$1.33T,$17.55B,20.01M BTC,0.4% (24h),,
2026-04-05 11:48:36,"$67,339.07",$1.34T,$18.37B,20.01M BTC,0.06% (24h),,
2026-04-05 12:22:00,"$67,336.37",$1.34T,$18.64B,20.01M BTC,0% (24h),,
2026-04-05 13:04:57,"$67,197.37",$1.34T,$18.61B,20.01M BTC,0.16% (24h),,
2026-04-05 13:49:51,"$67,326.37",$1.34T,$18.52B,20.01M BTC,0% (24h),,
2026-04-05 14:24:35,"$67,283.16",$1.34T,$18.59B,20.01M BTC,0.09% (24h),,
2026-04-05 15:12:25,"$67,348.93",$1.34T,$18.62B,20.01M BTC,0.1% (24h),,
2026-04-05 15:52:41,"$67,299.23",$1.34T,$18.57B,20.01M BTC,0.01% (24h),,
2026-04-05 16:40:52,"$67,638.03",$1.35T,$18.58B,20.01M BTC,0.56% (24h),,
2026-04-05 17:06:07,"$67,590.04",$1.35T,$18.77B,20.01M BTC,0.47% (24h),,
2026-04-05 17:47:42,"$67,493.31",$1.35T,$18.98B,20.01M BTC,0.23% (24h),,
2026-04-05 18:17:12,"$67,565.94",$1.35T,$19.35B,20.01M BTC,0.25% (24h),,
2026-04-05 18:56:16,"$68,095.16",$1.36T,$19.99B,20.01M BTC,1.06% (24h),,
2026-04-05 19:40:26,"$68,992.20",$1.38T,$22.09B,20.01M BTC,2.52% (24h),,
2026-04-05 20:04:59,"$69,290.33",$1.38T,$22.97B,20.01M BTC,2.97% (24h),,
2026-04-05 23:39:34,"$69,161.57",$1.38T,$28.04B,20.01M BTC,3.06% (24h),,
2026-04-06 01:52:28,"$69,139.99",$1.38T,$29.36B,20.01M BTC,3.18% (24h),,
2026-04-06 03:53:12,"$69,168.30",$1.38T,$29.89B,20.01M BTC,3.6% (24h),,
2026-04-06 05:15:50,"$69,659.55",$1.39T,$30.69B,20.01M BTC,4.11% (24h),,
2026-04-06 06:35:04,"$69,812.91",$1.39T,$33.88B,20.01M BTC,4.23% (24h),,
2026-04-06 07:34:07,"$69,655.70",$1.39T,$34.69B,20.01M BTC,3.99% (24h),,
2026-04-06 08:36:40,"$69,468.81",$1.39T,$34.86B,20.01M BTC,4.05% (24h),,
2026-04-06 09:58:23,"$69,389.17",$1.38T,$35.51B,20.01M BTC,3.78% (24h),,
2026-04-06 11:00:05,"$69,645.25",$1.39T,$36.97B,20.01M BTC,4.09% (24h),,
2026-04-06 11:58:50,"$69,919.38",$1.39T,$36.84B,20.01M BTC,3.89% (24h),,
2026-04-06 13:01:27,"$69,755.41",$1.39T,$38.31B,20.01M BTC,3.78% (24h),,
2026-04-06 14:03:02,"$69,541.68",$1.39T,$39.63B,20.01M BTC,3.33% (24h),,
2026-04-06 15:14:58,"$69,695.62",$1.39T,$40.53B,20.01M BTC,3.41% (24h),,
2026-04-06 16:02:07,"$69,619.25",$1.39T,$41.17B,20.01M BTC,3.38% (24h),,
2026-04-06 16:55:31,"$69,865.07",$1.39T,$40.84B,20.01M BTC,3.34% (24h),,
2026-04-06 17:43:30,"$69,476.20",$1.39T,$41.2B,20.01M BTC,3% (24h),,
2026-04-06 18:21:43,"$69,402.04",$1.38T,$41.05B,20.01M BTC,2.93% (24h),,
2026-04-06 19:02:44,"$68,599.47",$1.37T,$40.58B,20.01M BTC,0.3% (24h),,
2026-04-06 19:51:36,"$68,821.50",$1.37T,$39.63B,20.01M BTC,0.17% (24h),,
2026-04-06 21:26:14,"$68,746.06",$1.37T,$37.53B,20.01M BTC,0.25% (24h),,
2026-04-07 00:17:45,"$68,664.35",$1.37T,$36.5B,20.01M BTC,0.5% (24h),,
2026-04-07 02:00:05,"$68,632.85",$1.37T,$36.16B,20.01M BTC,0.78% (24h),,
2026-04-07 03:47:23,"$68,643.21",$1.37T,$35.31B,20.01M BTC,0.45% (24h),,
2026-04-07 04:48:32,"$68,908.39",$1.37T,$34.9B,20.01M BTC,0.48% (24h),,
2026-04-07 05:55:44,"$69,147.32",$1.38T,$32.81B,20.01M BTC,0.8% (24h),,
2026-04-07 07:03:02,"$68,125.61",$1.36T,$32.64B,20.01M BTC,2.27% (24h),,
2026-04-07 08:02:05,"$68,359.77",$1.36T,$33.27B,20.01M BTC,1.76% (24h),,
2026-04-07 10:00:43,"$68,216.75",$1.36T,$33.76B,20.01M BTC,1.65% (24h),,
2026-04-07 11:23:41,"$67,994.75",$1.36T,$33.97B,20.01M BTC,2.4% (24h),,
2026-04-07 12:36:04,"$68,332.86",$1.36T,$33.9B,20.01M BTC,2.4% (24h),,
2026-04-07 13:40:20,"$68,722.27",$1.37T,$32.82B,20.01M BTC,1.15% (24h),,
2026-04-07 14:39:34,"$68,569.16",$1.37T,$33.06B,20.01M BTC,1.8% (24h),,
2026-04-07 15:45:00,"$68,518.58",$1.37T,$33.54B,20.01M BTC,1.74% (24h),,
2026-04-07 16:32:45,"$69,365.13",$1.38T,$35.25B,20.01M BTC,0.83% (24h),,
2026-04-07 17:30:31,"$69,615.01",$1.39T,$36.98B,20.01M BTC,0.07% (24h),,
2026-04-07 18:09:51,"$70,213.68",$1.4T,$38.18B,20.01M BTC,0.99% (24h),,
2026-04-07 18:59:52,"$71,484.21",$1.43T,$40.86B,20.01M BTC,3.72% (24h),,
2026-04-07 19:51:30,"$72,184.63",$1.44T,$43.65B,20.01M BTC,4.88% (24h),,
2026-04-07 21:26:05,"$71,545.00",$1.43T,$45.46B,20.01M BTC,4.06% (24h),,
2026-04-08 00:20:42,"$71,503.14",$1.43T,$47.66B,20.01M BTC,4.25% (24h),,
2026-04-08 02:03:27,"$71,594.69",$1.43T,$48.21B,20.01M BTC,4.34% (24h),,
2026-04-08 03:53:20,"$71,602.95",$1.43T,$50.03B,20.01M BTC,4.3% (24h),,
2026-04-08 05:10:22,"$71,851.08",$1.43T,$50.46B,20.01M BTC,3.84% (24h),,
2026-04-08 06:18:55,"$71,612.45",$1.43T,$50.22B,20.01M BTC,3.87% (24h),,
2026-04-08 07:29:40,"$71,657.58",$1.43T,$49.35B,20.01M BTC,4.77% (24h),,
2026-04-08 08:11:49,"$71,713.27",$1.43T,$49.82B,20.01M BTC,5.22% (24h),,
2026-04-08 10:04:37,"$71,666.20",$1.43T,$53.09B,20.01M BTC,5.15% (24h),,
2026-04-08 11:42:54,"$71,278.97",$1.42T,$54.45B,20.01M BTC,4.67% (24h),,
2026-04-08 12:48:53,"$71,481.31",$1.43T,$54.44B,20.01M BTC,4.58% (24h),,
2026-04-08 13:56:17,"$71,854.41",$1.43T,$54.64B,20.01M BTC,4.54% (24h),,
2026-04-08 15:25:50,"$71,244.55",$1.42T,$55.04B,20.01M BTC,3.88% (24h),,
2026-04-08 16:09:51,"$71,414.72",$1.42T,$53.46B,20.01M BTC,2.78% (24h),,
2026-04-08 17:03:33,"$71,373.89",$1.42T,$52.58B,20.01M BTC,2.89% (24h),,
2026-04-08 17:59:11,"$71,517.11",$1.43T,$50.7B,20.01M BTC,2.3% (24h),,
2026-04-08 18:55:37,"$71,131.57",$1.42T,$47.18B,20.01M BTC,0.02% (24h),,
2026-04-08 19:43:53,"$71,067.97",$1.42T,$43.3B,20.01M BTC,1.32% (24h),,
2026-04-08 20:57:12,"$70,854.58",$1.41T,$41.01B,20.01M BTC,1.07% (24h),,
2026-04-08 23:51:53,"$71,021.17",$1.42T,$39.95B,20.01M BTC,0.37% (24h),,
2026-04-09 01:46:13,"$71,027.75",$1.42T,$40.86B,20.01M BTC,0.86% (24h),,
2026-04-09 03:07:14,"$71,051.69",$1.42T,$40.86B,20.01M BTC,0.85% (24h),,
2026-04-09 04:47:44,"$71,304.41",$1.42T,$37.87B,20.01M BTC,0.58% (24h),,
2026-04-09 06:00:39,"$71,530.78",$1.43T,$37.85B,20.01M BTC,0.19% (24h),,
2026-04-09 07:13:57,"$71,188.82",$1.42T,$37.46B,20.01M BTC,0.55% (24h),,
2026-04-09 08:08:24,"$71,180.12",$1.42T,$36.98B,20.01M BTC,0.74% (24h),,
2026-04-09 10:14:52,"$70,777.41",$1.41T,$32.85B,20.01M BTC,1.06% (24h),,
2026-04-09 11:58:40,"$72,117.62",$1.44T,$33.31B,20.01M BTC,1.14% (24h),,
2026-04-09 13:23:07,"$72,415.48",$1.44T,$33.79B,20.01M BTC,1.06% (24h),,
2026-04-09 14:15:38,"$71,908.44",$1.43T,$35.65B,20.01M BTC,0.28% (24h),,
2026-04-09 15:43:33,"$72,128.32",$1.44T,$37.9B,20.01M BTC,1.3% (24h),,
2026-04-09 16:37:23,"$72,401.32",$1.44T,$36.04B,20.01M BTC,1.48% (24h),,
2026-04-09 17:31:46,"$72,187.93",$1.44T,$37.9B,20.01M BTC,0.76% (24h),,
2026-04-09 18:11:35,"$72,419.23",$1.44T,$36.88B,20.01M BTC,1.29% (24h),,
2026-04-09 19:04:01,"$71,864.64",$1.43T,$37.87B,20.01M BTC,1.32% (24h),,
2026-04-09 19:53:42,"$71,772.07",$1.43T,$38.74B,20.01M BTC,0.88% (24h),,
2026-04-09 22:58:05,"$71,965.00",$1.44T,$37.9B,20.01M BTC,1.26% (24h),,
2026-04-10 01:32:30,"$72,239.18",$1.44T,$39.58B,20.01M BTC,1.76% (24h),,
2026-04-10 03:09:59,"$71,744.19",$1.43T,$39.7B,20.01M BTC,0.97% (24h),,
2026-04-10 04:49:22,"$71,561.89",$1.43T,$39.99B,20.01M BTC,0.42% (24h),,
2026-04-10 05:58:55,"$71,807.24",$1.43T,$39.72B,20.01M BTC,0.37% (24h),,
2026-04-10 07:05:56,"$72,000.50",$1.44T,$39.6B,20.01M BTC,0.95% (24h),,
2026-04-10 07:59:55,"$72,130.30",$1.44T,$39.65B,20.01M BTC,1.36% (24h),,
2026-04-10 10:41:16,"$73,074.29",$1.46T,$42.06B,20.01M BTC,3.19% (24h),,
2026-04-10 11:37:08,"$72,723.50",$1.45T,$42.13B,20.01M BTC,0.85% (24h),,
2026-04-10 12:35:18,"$72,766.97",$1.45T,$40.76B,20.01M BTC,1.14% (24h),,
2026-04-10 13:34:57,"$72,912.83",$1.45T,$39.3B,20.01M BTC,1.07% (24h),,
2026-04-10 14:34:05,"$72,990.46",$1.46T,$38.88B,20.01M BTC,1.69% (24h),,
2026-04-10 15:32:29,"$72,962.58",$1.46T,$39.03B,20.01M BTC,1.45% (24h),,
2026-04-10 16:08:55,"$73,193.43",$1.46T,$39.08B,20.01M BTC,1.62% (24h),,
2026-04-10 16:57:11,"$73,407.99",$1.46T,$39.49B,20.01M BTC,1.42% (24h),,
2026-04-10 17:47:28,"$73,091.49",$1.46T,$39.11B,20.01M BTC,0.95% (24h),,
2026-04-10 18:24:12,"$73,034.83",$1.46T,$38.5B,20.01M BTC,0.33% (24h),,
2026-04-10 19:06:02,"$72,865.67",$1.45T,$38.18B,20.01M BTC,1.35% (24h),,
2026-04-10 19:52:24,"$72,963.80",$1.46T,$37.72B,20.01M BTC,1.7% (24h),,
2026-04-10 22:42:46,"$73,067.00",$1.46T,$36.41B,20.01M BTC,1.24% (24h),,
2026-04-11 00:47:54,"$72,816.53",$1.45T,$36.35B,20.01M BTC,1.27% (24h),,
2026-04-11 01:51:15,"$72,800.61",$1.45T,$36.05B,20.01M BTC,0.85% (24h),,
2026-04-11 02:48:40,"$72,758.16",$1.45T,$35.96B,20.01M BTC,1.11% (24h),,
2026-04-11 03:41:55,"$72,817.31",$1.45T,$35.58B,20.01M BTC,1.53% (24h),,
2026-04-11 04:28:26,"$72,787.59",$1.45T,$34.68B,20.01M BTC,1.55% (24h),,
2026-04-11 05:12:08,"$72,673.71",$1.45T,$34.41B,20.01M BTC,1.41% (24h),,
2026-04-11 06:00:58,"$72,938.29",$1.45T,$34.42B,20.01M BTC,1.59% (24h),,
2026-04-11 06:51:35,"$72,847.23",$1.45T,$34.23B,20.01M BTC,1.42% (24h),,
2026-04-11 07:23:34,"$72,891.78",$1.45T,$33.79B,20.01M BTC,0.96% (24h),,
2026-04-11 07:56:53,"$72,929.08",$1.45T,$33.38B,20.01M BTC,1.06% (24h),,
2026-04-11 09:11:03,"$72,622.94",$1.45T,$32.12B,20.01M BTC,0.53% (24h),,
2026-04-11 10:03:22,"$72,671.14",$1.45T,$31.32B,20.01M BTC,0.33% (24h),,
2026-04-11 10:55:14,"$72,739.26",$1.45T,$28.52B,20.01M BTC,0.16% (24h),,
2026-04-11 11:39:50,"$72,787.33",$1.45T,$26.95B,20.01M BTC,0.1% (24h),,
2026-04-11 12:04:46,"$72,854.26",$1.45T,$26.36B,20.01M BTC,0.39% (24h),,
2026-04-11 12:55:25,"$73,104.93",$1.46T,$25.71B,20.01M BTC,0.24% (24h),,
2026-04-11 13:37:47,"$73,161.43",$1.46T,$24.95B,20.01M BTC,0.4% (24h),,
2026-04-11 14:03:15,"$73,103.13",$1.46T,$25.12B,20.01M BTC,0.12% (24h),,
2026-04-11 15:05:02,"$73,555.23",$1.47T,$25.34B,20.01M BTC,0.5% (24h),,
2026-04-11 15:50:04,"$73,677.10",$1.47T,$25.01B,20.01M BTC,0.89% (24h),,
2026-04-11 16:18:35,"$73,497.09",$1.47T,$24.87B,20.01M BTC,0.28% (24h),,
2026-04-11 16:55:35,"$73,389.45",$1.46T,$24.52B,20.01M BTC,0.14% (24h),,
2026-04-11 17:39:23,"$73,433.65",$1.46T,$24.27B,20.01M BTC,0.45% (24h),,
2026-04-11 18:03:03,"$73,409.97",$1.46T,$24.06B,20.01M BTC,0.36% (24h),,
2026-04-11 18:52:09,"$73,310.25",$1.46T,$23.62B,20.01M BTC,0.55% (24h),,
2026-04-11 19:41:38,"$73,129.36",$1.46T,$23.45B,20.01M BTC,0.26% (24h),,
2026-04-11 20:06:24,"$72,957.05",$1.46T,$23.09B,20.01M BTC,0.14% (24h),,
2026-04-11 23:46:08,"$71,689.84",$1.43T,$26B,20.01M BTC,1.78% (24h),,
2026-04-12 01:49:18,"$71,721.09",$1.43T,$26.48B,20.01M BTC,1.5% (24h),,
2026-04-12 03:00:57,"$71,666.37",$1.43T,$26.65B,20.01M BTC,1.54% (24h),,
2026-04-12 04:08:53,"$71,669.91",$1.43T,$26.8B,20.01M BTC,1.48% (24h),,
2026-04-12 05:06:05,"$71,583.42",$1.43T,$27.24B,20.01M BTC,1.52% (24h),,
2026-04-12 06:00:01,"$71,563.45",$1.43T,$27.36B,20.01M BTC,1.85% (24h),,
2026-04-12 06:54:25,"$71,439.11",$1.42T,$27.35B,20.01M BTC,1.91% (24h),,
2026-04-12 07:39:07,"$71,461.52",$1.43T,$27.8B,20.01M BTC,1.93% (24h),,
2026-04-12 08:04:31,"$71,422.43",$1.42T,$27.82B,20.01M BTC,2.07% (24h),,
2026-04-12 09:35:34,"$71,075.70",$1.42T,$28.85B,20.01M BTC,2.13% (24h),,
2026-04-12 10:24:42,"$71,075.41",$1.42T,$29.16B,20.01M BTC,2.33% (24h),,
2026-04-12 11:08:16,"$70,783.66",$1.41T,$29.69B,20.01M BTC,2.67% (24h),,
2026-04-12 11:52:22,"$70,915.71",$1.41T,$30.16B,20.01M BTC,2.65% (24h),,
2026-04-12 12:48:25,"$70,899.06",$1.41T,$30B,20.01M BTC,3.01% (24h),,
2026-04-12 13:24:48,"$70,980.09",$1.42T,$29.85B,20.01M BTC,2.84% (24h),,
2026-04-12 14:03:45,"$71,105.71",$1.42T,$29.96B,20.01M BTC,2.73% (24h),,
2026-04-12 15:08:10,"$71,178.44",$1.42T,$28.51B,20.01M BTC,3.36% (24h),,
2026-04-12 15:52:58,"$71,106.88",$1.42T,$28.22B,20.01M BTC,3.47% (24h),,
2026-04-12 16:43:25,"$71,293.18",$1.42T,$28.04B,20.01M BTC,2.78% (24h),,
2026-04-12 17:21:41,"$71,310.60",$1.42T,$28.39B,20.01M BTC,2.84% (24h),,
2026-04-12 17:56:38,"$71,262.26",$1.42T,$28.22B,20.01M BTC,3.08% (24h),,
2026-04-12 18:41:31,"$70,896.39",$1.41T,$29.53B,20.01M BTC,3.27% (24h),,
2026-04-12 19:20:38,"$70,668.52",$1.41T,$29.55B,20.01M BTC,3.39% (24h),,
2026-04-12 19:58:21,"$70,733.53",$1.41T,$29.87B,20.01M BTC,3.17% (24h),,
2026-04-12 23:47:18,"$70,953.48",$1.42T,$27.29B,20.01M BTC,1.01% (24h),,
2026-04-13 02:07:21,"$70,994.31",$1.42T,$29.45B,20.01M BTC,1.04% (24h),,
2026-04-13 04:23:18,"$70,728.50",$1.41T,$33.24B,20.01M BTC,1.33% (24h),,
2026-04-13 06:17:05,"$70,741.38",$1.41T,$30.08B,20.01M BTC,1.27% (24h),,
2026-04-13 07:46:23,"$70,951.38",$1.42T,$28.37B,20.01M BTC,0.72% (24h),,
2026-04-13 08:52:53,"$70,999.44",$1.42T,$28.88B,20.01M BTC,0.62% (24h),,
2026-04-13 10:54:23,"$72,001.18",$1.44T,$32.46B,20.01M BTC,1.75% (24h),,
2026-04-13 12:19:18,"$72,120.08",$1.44T,$34.75B,20.01M BTC,1.71% (24h),,
2026-04-13 13:36:40,"$72,451.74",$1.45T,$38.61B,20.01M BTC,2.04% (24h),,
2026-04-13 14:49:32,"$72,379.19",$1.44T,$40.39B,20.01M BTC,1.74% (24h),,
2026-04-13 15:59:03,"$73,373.98",$1.46T,$42.98B,20.01M BTC,3.17% (24h),,
2026-04-13 17:06:05,"$73,119.95",$1.46T,$46.32B,20.01M BTC,2.36% (24h),,
2026-04-13 18:01:47,"$73,265.38",$1.46T,$46.69B,20.01M BTC,3.19% (24h),,
2026-04-13 18:59:21,"$74,640.91",$1.49T,$49.33B,20.01M BTC,5.27% (24h),,
2026-04-13 19:55:27,"$74,587.82",$1.49T,$52.08B,20.01M BTC,5.46% (24h),,
2026-04-13 22:59:27,"$74,371.73",$1.48T,$51.15B,20.01M BTC,4.62% (24h),,
2026-04-14 01:32:04,"$74,354.03",$1.48T,$51.26B,20.01M BTC,5.01% (24h),,
2026-04-14 03:11:47,"$74,734.82",$1.49T,$51.49B,20.01M BTC,5.36% (24h),,
2026-04-14 04:57:06,"$74,749.30",$1.49T,$53.64B,20.01M BTC,5.79% (24h),,
2026-04-14 06:20:31,"$74,548.84",$1.49T,$54.44B,20.01M BTC,5.34% (24h),,
2026-04-14 07:34:44,"$74,367.48",$1.48T,$54.31B,20.01M BTC,4.95% (24h),,
2026-04-14 08:45:16,"$74,335.37",$1.48T,$55.6B,20.01M BTC,4.94% (24h),,
2026-04-14 10:30:21,"$75,878.70",$1.51T,$59.11B,20.01M BTC,5.9% (24h),,
2026-04-14 11:54:04,"$75,378.64",$1.5T,$61.04B,20.01M BTC,5% (24h),,
2026-04-14 13:17:21,"$74,843.15",$1.49T,$61.06B,20.01M BTC,3.5% (24h),,
2026-04-14 14:40:57,"$74,278.77",$1.48T,$60.43B,20.01M BTC,2.7% (24h),,
2026-04-14 15:53:49,"$74,274.33",$1.48T,$60.31B,20.01M BTC,1.09% (24h),,
2026-04-14 17:01:47,"$74,163.59",$1.48T,$58.95B,20.01M BTC,1.36% (24h),,
2026-04-14 18:01:54,"$74,241.16",$1.48T,$58.5B,20.01M BTC,1.31% (24h),,
2026-04-14 19:04:25,"$74,110.07",$1.48T,$55.18B,20.01M BTC,0.6% (24h),,
2026-04-14 19:58:44,"$74,182.33",$1.48T,$51.09B,20.01M BTC,0.47% (24h),,
2026-04-14 23:34:42,"$74,339.11",$1.48T,$51.68B,20.01M BTC,0.1% (24h),,
2026-04-15 01:51:06,"$73,938.10",$1.47T,$51.31B,20.01M BTC,0.47% (24h),,
2026-04-15 03:18:10,"$73,656.86",$1.47T,$50.61B,20.01M BTC,1.47% (24h),,
2026-04-15 04:59:43,"$74,138.42",$1.48T,$50.64B,20.01M BTC,0.85% (24h),,
2026-04-15 06:25:10,"$73,992.53",$1.48T,$50.14B,20.01M BTC,0.82% (24h),,
2026-04-15 07:36:12,"$74,023.41",$1.48T,$50.2B,20.01M BTC,0.47% (24h),,
2026-04-15 08:44:54,"$74,337.66",$1.48T,$50.37B,20.01M BTC,0.03% (24h),,
2026-04-15 10:22:33,"$74,337.54",$1.48T,$45.38B,20.01M BTC,1.78% (24h),,
2026-04-15 11:50:18,"$73,960.23",$1.48T,$41.38B,20.01M BTC,1.72% (24h),,
2026-04-15 12:49:03,"$73,928.90",$1.47T,$40.45B,20.01M BTC,1.67% (24h),,
2026-04-15 13:56:58,"$74,156.80",$1.48T,$39.56B,20.01M BTC,0.82% (24h),,
2026-04-15 15:27:17,"$74,658.06",$1.49T,$36.56B,20.01M BTC,0.89% (24h),,
2026-04-15 16:28:26,"$74,712.69",$1.49T,$38.05B,20.01M BTC,0.67% (24h),,
2026-04-15 17:30:42,"$74,653.31",$1.49T,$38.41B,20.01M BTC,0.69% (24h),,
2026-04-15 18:24:45,"$75,009.64",$1.5T,$37.46B,20.01M BTC,1.21% (24h),,
2026-04-15 19:13:02,"$74,777.44",$1.49T,$37.63B,20.01M BTC,0.91% (24h),,
2026-04-15 20:03:15,"$74,781.85",$1.49T,$38.09B,20.01M BTC,0.61% (24h),,
2026-04-15 23:46:40,"$74,979.56",$1.5T,$38.33B,20.01M BTC,0.98% (24h),,
2026-04-16 01:54:39,"$75,056.91",$1.5T,$38.48B,20.01M BTC,1.42% (24h),,
2026-04-16 03:56:42,"$74,704.39",$1.49T,$37.26B,20.01M BTC,1.3% (24h),,
2026-04-16 05:26:02,"$74,893.71",$1.49T,$37.81B,20.01M BTC,1.11% (24h),,
2026-04-16 06:47:19,"$74,375.76",$1.48T,$38.11B,20.01M BTC,0.2% (24h),,
2026-04-16 07:47:02,"$74,450.08",$1.49T,$38.34B,20.01M BTC,0.47% (24h),,
2026-04-16 08:56:45,"$74,654.54",$1.49T,$37.84B,20.01M BTC,0.42% (24h),,
2026-04-16 11:00:55,"$74,015.71",$1.48T,$39.3B,20.01M BTC,0.18% (24h),,
2026-04-16 12:46:35,"$74,331.99",$1.48T,$41.43B,20.01M BTC,0.51% (24h),,
2026-04-16 14:00:54,"$74,414.66",$1.48T,$41.63B,20.01M BTC,0.39% (24h),,
2026-04-16 15:36:28,"$75,112.74",$1.5T,$42.1B,20.01M BTC,0.13% (24h),,
2026-04-16 16:29:43,"$75,182.28",$1.5T,$42.4B,20.01M BTC,0.61% (24h),,
2026-04-16 17:24:56,"$74,890.26",$1.49T,$42.35B,20.01M BTC,0.29% (24h),,
2026-04-16 18:09:46,"$75,053.70",$1.5T,$42.41B,20.01M BTC,0.07% (24h),,
2026-04-16 19:04:11,"$74,921.41",$1.49T,$41.51B,20.01M BTC,0.17% (24h),,
2026-04-16 19:58:01,"$75,105.69",$1.5T,$41.44B,20.01M BTC,0.4% (24h),,
2026-04-16 23:35:47,"$74,794.96",$1.49T,$40.27B,20.01M BTC,0.24% (24h),,
2026-04-17 01:52:52,"$74,714.60",$1.49T,$39.21B,20.01M BTC,0.45% (24h),,
2026-04-17 03:58:17,"$75,020.44",$1.5T,$38.93B,20.01M BTC,0.46% (24h),,
2026-04-17 05:29:21,"$76,347.00",$1.52T,$40.8B,20.01M BTC,2% (24h),,
2026-04-17 06:40:20,"$75,221.00",$1.5T,$42.79B,20.01M BTC,1.02% (24h),,
2026-04-17 07:37:51,"$75,510.99",$1.51T,$43.01B,20.01M BTC,1.43% (24h),,
2026-04-17 08:44:12,"$75,713.83",$1.51T,$43.15B,20.01M BTC,1.44% (24h),,
2026-04-17 10:13:21,"$77,074.91",$1.54T,$48.9B,20.01M BTC,4.27% (24h),,
2026-04-17 11:33:11,"$77,702.03",$1.55T,$53.06B,20.01M BTC,4.64% (24h),,
2026-04-17 12:34:23,"$78,086.77",$1.56T,$53.62B,20.01M BTC,5.06% (24h),,
2026-04-17 13:32:59,"$77,485.01",$1.55T,$54.34B,20.01M BTC,4.32% (24h),,
2026-04-17 14:35:57,"$77,291.05",$1.54T,$55.2B,20.01M BTC,3.79% (24h),,
2026-04-17 15:45:07,"$77,364.19",$1.54T,$54.45B,20.01M BTC,2.81% (24h),,
2026-04-17 16:32:22,"$77,205.55",$1.54T,$53.79B,20.01M BTC,2.74% (24h),,
2026-04-17 17:27:19,"$77,415.54",$1.54T,$53.66B,20.01M BTC,3.32% (24h),,
2026-04-17 18:08:24,"$77,511.15",$1.55T,$53.57B,20.01M BTC,3.19% (24h),,
2026-04-17 19:01:40,"$77,289.57",$1.54T,$53.59B,20.01M BTC,3.22% (24h),,
2026-04-17 19:53:46,"$77,138.82",$1.54T,$53.94B,20.01M BTC,2.73% (24h),,
2026-04-17 22:50:58,"$77,318.42",$1.54T,$53.04B,20.01M BTC,3.56% (24h),,
2026-04-18 01:00:49,"$77,143.34",$1.54T,$52.96B,20.01M BTC,3.15% (24h),,
2026-04-18 02:18:38,"$77,163.58",$1.54T,$52.93B,20.01M BTC,3.15% (24h),,
2026-04-18 03:39:20,"$77,065.75",$1.54T,$52.46B,20.01M BTC,2.78% (24h),,
2026-04-18 04:28:12,"$76,705.68",$1.53T,$51.89B,20.01M BTC,2.09% (24h),,
2026-04-18 05:28:06,"$76,583.11",$1.53T,$50.14B,20.01M BTC,0.9% (24h),,
2026-04-18 06:10:59,"$76,262.26",$1.52T,$48.17B,20.01M BTC,0.67% (24h),,
2026-04-18 07:03:09,"$76,096.14",$1.52T,$47.72B,20.01M BTC,1.04% (24h),,
2026-04-18 07:50:02,"$75,871.08",$1.51T,$48.1B,20.01M BTC,0.51% (24h),,
2026-04-18 08:31:50,"$76,165.27",$1.52T,$48.05B,20.01M BTC,0.33% (24h),,
2026-04-18 09:48:39,"$76,009.38",$1.52T,$42.04B,20.01M BTC,0.98% (24h),,
2026-04-18 10:32:07,"$76,190.81",$1.52T,$38.03B,20.01M BTC,1.86% (24h),,
2026-04-18 11:24:12,"$76,226.67",$1.52T,$34.03B,20.01M BTC,2.22% (24h),,
2026-04-18 12:04:44,"$76,060.31",$1.52T,$32.49B,20.01M BTC,2.41% (24h),,
2026-04-18 12:58:51,"$75,919.70",$1.51T,$30.94B,20.01M BTC,2.48% (24h),,
2026-04-18 13:48:48,"$75,911.47",$1.51T,$29.4B,20.01M BTC,2.24% (24h),,
2026-04-18 14:28:52,"$75,693.12",$1.51T,$28.51B,20.01M BTC,2.12% (24h),,
2026-04-18 15:27:12,"$75,681.54",$1.51T,$28B,20.01M BTC,2.18% (24h),,
2026-04-18 16:02:39,"$75,637.79",$1.51T,$27.36B,20.01M BTC,2.36% (24h),,
2026-04-18 16:53:17,"$75,827.18",$1.51T,$26.57B,20.01M BTC,1.96% (24h),,
2026-04-18 17:42:07,"$75,697.38",$1.51T,$26.99B,20.01M BTC,2.16% (24h),,
2026-04-18 18:19:34,"$75,680.63",$1.51T,$26.88B,20.01M BTC,2.18% (24h),,
2026-04-18 19:00:42,"$75,841.91",$1.51T,$26.62B,20.01M BTC,1.89% (24h),,
2026-04-18 19:49:24,"$75,773.44",$1.51T,$26.09B,20.01M BTC,1.76% (24h),,
2026-04-18 21:14:59,"$75,660.18",$1.51T,$25.87B,20.01M BTC,2.12% (24h),,
2026-04-19 00:27:08,"$75,728.18",$1.51T,$25.93B,20.01M BTC,1.66% (24h),,
2026-04-19 02:17:06,"$75,389.85",$1.5T,$25.96B,20.01M BTC,2.31% (24h),,
2026-04-19 03:51:14,"$75,198.71",$1.5T,$26.88B,20.01M BTC,2.3% (24h),,
2026-04-19 04:43:09,"$75,264.21",$1.5T,$26.54B,20.01M BTC,1.65% (24h),,
2026-04-19 05:36:04,"$75,153.24",$1.5T,$26.01B,20.01M BTC,1.96% (24h),,
2026-04-19 06:24:13,"$75,088.34",$1.5T,$25.59B,20.01M BTC,1.64% (24h),,
2026-04-19 07:10:10,"$75,430.59",$1.5T,$25.09B,20.01M BTC,0.73% (24h),,
2026-04-19 07:52:04,"$75,594.39",$1.51T,$24.96B,20.01M BTC,0.44% (24h),,
2026-04-19 09:13:16,"$75,698.91",$1.51T,$24.48B,20.01M BTC,0.62% (24h),,
2026-04-19 10:07:05,"$75,747.35",$1.51T,$25.03B,20.01M BTC,0.49% (24h),,
2026-04-19 10:58:27,"$76,021.43",$1.52T,$24.98B,20.01M BTC,0.29% (24h),,
2026-04-19 11:49:50,"$75,840.05",$1.51T,$26.19B,20.01M BTC,0.41% (24h),,
2026-04-19 12:25:02,"$75,661.77",$1.51T,$26.45B,20.01M BTC,0.56% (24h),,
2026-04-19 13:08:40,"$75,147.61",$1.5T,$26.1B,20.01M BTC,0.89% (24h),,
2026-04-19 13:54:23,"$74,822.54",$1.49T,$27.02B,20.01M BTC,1.41% (24h),,
2026-04-19 14:59:48,"$74,799.52",$1.49T,$27.4B,20.01M BTC,1.12% (24h),,
2026-04-19 15:49:04,"$75,020.01",$1.5T,$27.65B,20.01M BTC,0.82% (24h),,
2026-04-19 16:22:27,"$74,673.51",$1.49T,$27.75B,20.01M BTC,1.38% (24h),,
2026-04-19 17:04:54,"$74,673.86",$1.49T,$28.14B,20.01M BTC,1.53% (24h),,
2026-04-19 17:51:45,"$74,636.03",$1.49T,$28.22B,20.01M BTC,1.51% (24h),,
2026-04-19 18:26:52,"$73,874.76",$1.47T,$29.74B,20.01M BTC,2.45% (24h),,
2026-04-19 19:06:50,"$73,954.41",$1.48T,$30.36B,20.01M BTC,2.52% (24h),,
2026-04-19 19:53:14,"$73,980.59",$1.48T,$30.88B,20.01M BTC,2.33% (24h),,
2026-04-19 23:27:59,"$74,535.39",$1.49T,$32.83B,20.01M BTC,1.29% (24h),,
2026-04-20 02:03:27,"$74,336.03",$1.48T,$33.37B,20.01M BTC,1.61% (24h),,
2026-04-20 04:27:25,"$74,775.90",$1.49T,$34.28B,20.01M BTC,0.6% (24h),,
2026-04-20 06:18:35,"$75,357.49",$1.5T,$35.02B,20.01M BTC,0.43% (24h),,
2026-04-20 07:48:31,"$75,260.99",$1.5T,$35.05B,20.01M BTC,0.37% (24h),,
2026-04-20 08:57:48,"$75,282.54",$1.5T,$35.36B,20.01M BTC,0.42% (24h),,
2026-04-20 10:56:48,"$74,976.97",$1.5T,$36.38B,20.01M BTC,1.36% (24h),,
2026-04-20 12:16:43,"$75,396.60",$1.5T,$37.54B,20.01M BTC,0.41% (24h),,
2026-04-20 13:33:41,"$75,667.21",$1.51T,$37.63B,20.01M BTC,0.45% (24h),,
2026-04-20 14:42:10,"$76,237.98",$1.52T,$38.44B,20.01M BTC,1.99% (24h),,
2026-04-20 15:50:42,"$76,264.84",$1.52T,$39.9B,20.01M BTC,1.69% (24h),,
2026-04-20 16:35:37,"$76,273.22",$1.52T,$40.92B,20.01M BTC,1.86% (24h),,
2026-04-20 17:32:20,"$75,833.61",$1.51T,$41.5B,20.01M BTC,1.38% (24h),,
2026-04-20 18:28:39,"$75,967.15",$1.52T,$40.19B,20.01M BTC,2.73% (24h),,
2026-04-20 19:24:33,"$75,757.97",$1.51T,$39.82B,20.01M BTC,2.47% (24h),,
2026-04-20 20:08:50,"$75,741.33",$1.51T,$39.15B,20.01M BTC,2.31% (24h),,
2026-04-20 23:46:27,"$75,582.77",$1.51T,$37.99B,20.01M BTC,1.3% (24h),,
2026-04-21 02:01:49,"$75,803.70",$1.51T,$37.96B,20.01M BTC,2.03% (24h),,
2026-04-21 04:02:44,"$76,153.47",$1.52T,$90.26B,20.01M BTC,1.83% (24h),,
2026-04-21 05:51:28,"$76,310.39",$1.52T,$37.54B,20.01M BTC,1.62% (24h),,
2026-04-21 06:59:51,"$76,757.51",$1.53T,$37.93B,20.01M BTC,2.3% (24h),,
2026-04-21 08:07:08,"$76,441.22",$1.53T,$38.48B,20.01M BTC,1.5% (24h),,
2026-04-21 10:08:30,"$75,857.40",$1.51T,$68.55B,20.01M BTC,0.81% (24h),,
2026-04-21 11:44:08,"$75,751.66",$1.51T,$38.15B,20.01M BTC,0.11% (24h),,
2026-04-21 12:45:28,"$75,938.77",$1.52T,$37.94B,20.01M BTC,0.57% (24h),,
2026-04-21 13:47:40,"$75,671.46",$1.51T,$38.58B,20.01M BTC,0.11% (24h),,
2026-04-21 14:51:19,"$75,408.50",$1.5T,$37.5B,20.01M BTC,1.28% (24h),,
2026-04-21 16:00:06,"$75,023.35",$1.5T,$37.03B,20.01M BTC,1.69% (24h),,
2026-04-21 17:02:38,"$75,734.57",$1.51T,$36.52B,20.01M BTC,0.73% (24h),,
2026-04-21 17:58:52,"$75,595.21",$1.51T,$35.95B,20.01M BTC,0.49% (24h),,
2026-04-21 18:51:54,"$75,545.18",$1.51T,$36.08B,20.01M BTC,0.55% (24h),,
2026-04-21 19:41:07,"$75,968.78",$1.52T,$35.86B,20.01M BTC,0.22% (24h),,
2026-04-21 21:07:19,"$76,346.56",$1.52T,$36.44B,20.01M BTC,0.13% (24h),,
2026-04-22 00:17:52,"$77,475.23",$1.55T,$39.93B,20.01M BTC,2.38% (24h),,
2026-04-22 02:16:10,"$77,977.01",$1.56T,$43.75B,20.01M BTC,2.87% (24h),,
2026-04-22 04:12:11,"$78,147.36",$1.56T,$43.95B,20.01M BTC,2.62% (24h),,
2026-04-22 05:56:47,"$77,994.36",$1.56T,$44.07B,20.01M BTC,2.11% (24h),,
2026-04-22 07:13:08,"$78,188.14",$1.56T,$44B,20.01M BTC,2.35% (24h),,
2026-04-22 08:13:14,"$78,406.77",$1.56T,$43.98B,20.01M BTC,2.71% (24h),,
2026-04-22 10:14:01,"$79,011.32",$1.58T,$45.49B,20.01M BTC,4.15% (24h),,
2026-04-22 11:45:53,"$79,309.16",$1.58T,$47.8B,20.01M BTC,4.73% (24h),,
2026-04-22 12:46:29,"$78,758.92",$1.57T,$48.81B,20.01M BTC,3.66% (24h),,
2026-04-22 13:47:56,"$78,913.77",$1.57T,$48.58B,20.01M BTC,4.26% (24h),,
2026-04-22 14:53:45,"$79,153.09",$1.58T,$48.43B,20.01M BTC,4.98% (24h),,
2026-04-22 16:09:12,"$78,831.69",$1.57T,$48.18B,20.01M BTC,5.08% (24h),,
2026-04-22 17:10:31,"$78,583.92",$1.57T,$47.77B,20.01M BTC,3.89% (24h),,
2026-04-22 18:06:33,"$78,783.45",$1.57T,$48.33B,20.01M BTC,4.29% (24h),,
2026-04-22 19:06:05,"$78,510.60",$1.57T,$48.2B,20.01M BTC,3.5% (24h),,
2026-04-22 20:00:09,"$78,200.30",$1.56T,$48.32B,20.01M BTC,2.43% (24h),,
2026-04-22 23:40:23,"$77,622.60",$1.55T,$47.52B,20.01M BTC,0.23% (24h),,
2026-04-23 01:55:30,"$78,028.54",$1.56T,$44.14B,20.01M BTC,0.04% (24h),,
2026-04-23 04:04:30,"$78,025.79",$1.56T,$43.25B,20.01M BTC,0.04% (24h),,
2026-04-23 05:56:39,"$77,640.59",$1.55T,$43.55B,20.01M BTC,0.45% (24h),,
2026-04-23 07:15:24,"$77,429.84",$1.55T,$44.54B,20.01M BTC,0.96% (24h),,
2026-04-23 08:12:42,"$77,762.83",$1.55T,$44.26B,20.01M BTC,0.81% (24h),,
2026-04-23 10:16:58,"$77,568.49",$1.55T,$42.12B,20.01M BTC,1.86% (24h),,
2026-04-23 12:14:09,"$78,402.59",$1.56T,$40.31B,20.01M BTC,1.01% (24h),,
2026-04-23 13:51:52,"$77,421.29",$1.54T,$41.11B,20.01M BTC,1.85% (24h),,
2026-04-23 14:57:52,"$77,807.97",$1.55T,$41.53B,20.01M BTC,1.55% (24h),,
2026-04-23 16:10:55,"$77,893.37",$1.55T,$42B,20.01M BTC,1.15% (24h),,
2026-04-23 17:09:14,"$77,870.11",$1.55T,$41.49B,20.01M BTC,0.89% (24h),,
2026-04-23 18:02:46,"$78,024.59",$1.56T,$41.09B,20.01M BTC,0.99% (24h),,
2026-04-23 19:06:17,"$78,240.47",$1.56T,$40.97B,20.01M BTC,0.34% (24h),,
2026-04-23 20:01:58,"$78,314.09",$1.56T,$40.34B,20.01M BTC,0% (24h),,
2026-04-23 23:49:13,"$77,743.94",$1.55T,$37.84B,20.01M BTC,0.18% (24h),,
2026-04-24 02:02:02,"$77,952.70",$1.56T,$37.54B,20.01M BTC,0.15% (24h),,
2026-04-24 04:21:56,"$78,009.27",$1.56T,$38.19B,20.02M BTC,0.16% (24h),,
2026-04-24 06:08:02,"$77,512.34",$1.55T,$36.79B,20.02M BTC,0.13% (24h),,
2026-04-24 07:23:18,"$78,257.91",$1.56T,$36.25B,20.02M BTC,0.96% (24h),,
2026-04-24 08:40:29,"$78,240.04",$1.56T,$36.48B,20.02M BTC,0.56% (24h),,
2026-04-24 10:20:14,"$77,996.47",$1.56T,$36.83B,20.02M BTC,0.63% (24h),,
2026-04-24 11:44:10,"$77,825.82",$1.55T,$35.89B,20.02M BTC,0.97% (24h),,
2026-04-24 12:42:55,"$77,633.61",$1.55T,$35.82B,20.02M BTC,0.95% (24h),,
2026-04-24 13:41:13,"$77,578.86",$1.55T,$34.73B,20.02M BTC,0.62% (24h),,
2026-04-24 14:32:24,"$77,571.19",$1.55T,$32.86B,20.02M BTC,0.6% (24h),,
2026-04-24 15:38:52,"$77,635.85",$1.55T,$32.4B,20.02M BTC,0.18% (24h),,
2026-04-24 16:30:24,"$77,565.72",$1.55T,$31.96B,20.02M BTC,0.25% (24h),,
2026-04-24 17:29:50,"$77,650.44",$1.55T,$32.13B,20.02M BTC,0.31% (24h),,
2026-04-24 18:24:28,"$77,612.17",$1.55T,$32.11B,20.02M BTC,0.77% (24h),,
2026-04-24 19:10:15,"$77,393.25",$1.54T,$32.6B,20.02M BTC,1.02% (24h),,
2026-04-24 19:57:35,"$77,452.63",$1.55T,$32.8B,20.02M BTC,1.03% (24h),,
2026-04-24 22:57:53,"$77,645.10",$1.55T,$31.91B,20.02M BTC,0.64% (24h),,
2026-04-25 01:21:22,"$77,536.22",$1.55T,$30.44B,20.02M BTC,0.03% (24h),,
2026-04-25 02:50:08,"$77,550.39",$1.55T,$30.17B,20.02M BTC,0.41% (24h),,
2026-04-25 03:58:43,"$77,562.58",$1.55T,$29.6B,20.02M BTC,0.04% (24h),,
2026-04-25 05:06:16,"$77,620.91",$1.55T,$27.97B,20.02M BTC,0.08% (24h),,
2026-04-25 06:04:40,"$77,772.15",$1.55T,$27.22B,20.02M BTC,0.3% (24h),,
2026-04-25 07:02:50,"$77,776.93",$1.55T,$27.08B,20.02M BTC,0.25% (24h),,
2026-04-25 07:53:39,"$77,701.18",$1.55T,$25.46B,20.02M BTC,0.69% (24h),,
2026-04-25 09:16:31,"$77,631.28",$1.55T,$24.33B,20.02M BTC,0.93% (24h),,
2026-04-25 10:11:36,"$77,660.47",$1.55T,$22.63B,20.02M BTC,0.41% (24h),,
2026-04-25 11:03:23,"$77,664.80",$1.55T,$21.17B,20.02M BTC,0.39% (24h),,
2026-04-25 11:55:40,"$77,358.74",$1.54T,$20.28B,20.02M BTC,0.84% (24h),,
2026-04-25 12:52:38,"$77,420.29",$1.55T,$20.19B,20.02M BTC,0.32% (24h),,
2026-04-25 13:43:40,"$77,337.35",$1.54T,$19.59B,20.02M BTC,0.35% (24h),,
2026-04-25 14:30:58,"$77,345.95",$1.54T,$18.96B,20.02M BTC,0.23% (24h),,
2026-04-25 15:31:17,"$77,260.18",$1.54T,$18.92B,20.02M BTC,0.43% (24h),,
2026-04-25 16:07:44,"$77,322.80",$1.54T,$18.74B,20.02M BTC,0.38% (24h),,
2026-04-25 16:57:44,"$77,478.67",$1.55T,$18.18B,20.02M BTC,0.33% (24h),,
2026-04-25 17:45:22,"$77,472.45",$1.55T,$17.76B,20.02M BTC,0.17% (24h),,
2026-04-25 18:22:30,"$77,538.96",$1.55T,$17.57B,20.02M BTC,0.09% (24h),,
2026-04-25 19:07:30,"$77,590.22",$1.55T,$16.74B,20.02M BTC,0.26% (24h),,
2026-04-25 19:55:02,"$77,618.28",$1.55T,$16.7B,20.02M BTC,0.21% (24h),,
2026-04-25 23:30:34,"$77,434.67",$1.55T,$15.75B,20.02M BTC,0.17% (24h),,
2026-04-26 01:58:25,"$78,003.69",$1.56T,$16.57B,20.02M BTC,0.6% (24h),,
2026-04-26 03:51:42,"$78,028.40",$1.56T,$16.44B,20.02M BTC,0.62% (24h),,
2026-04-26 05:08:36,"$78,007.60",$1.56T,$16.71B,20.02M BTC,0.49% (24h),,
2026-04-26 06:07:00,"$78,010.14",$1.56T,$16.77B,20.02M BTC,0.31% (24h),,
2026-04-26 07:03:21,"$78,037.99",$1.56T,$16.57B,20.02M BTC,0.32% (24h),,
2026-04-26 07:55:15,"$78,104.45",$1.56T,$16.55B,20.02M BTC,0.55% (24h),,
2026-04-26 09:17:50,"$77,910.61",$1.55T,$16.85B,20.02M BTC,0.35% (24h),,
2026-04-26 10:12:35,"$77,939.52",$1.56T,$16.96B,20.02M BTC,0.35% (24h),,
2026-04-26 11:06:21,"$78,068.10",$1.56T,$17.2B,20.02M BTC,0.51% (24h),,
2026-04-26 11:57:02,"$78,052.79",$1.56T,$17.28B,20.02M BTC,0.85% (24h),,
2026-04-26 12:55:36,"$78,034.61",$1.56T,$16.35B,20.02M BTC,0.81% (24h),,
2026-04-26 13:44:27,"$78,038.11",$1.56T,$16.68B,20.02M BTC,0.91% (24h),,
2026-04-26 14:32:22,"$78,214.95",$1.56T,$17.14B,20.02M BTC,1.08% (24h),,
2026-04-26 15:35:04,"$78,158.03",$1.56T,$17.39B,20.02M BTC,1.19% (24h),,
2026-04-26 16:21:59,"$78,205.61",$1.56T,$17.78B,20.02M BTC,1.04% (24h),,
2026-04-26 17:07:06,"$78,316.32",$1.56T,$18B,20.02M BTC,1.03% (24h),,
2026-04-26 17:54:41,"$77,902.68",$1.55T,$18.41B,20.02M BTC,0.51% (24h),,
2026-04-26 18:46:40,"$78,387.48",$1.56T,$20.5B,20.02M BTC,1.03% (24h),,
2026-04-26 19:26:50,"$78,452.35",$1.57T,$20.52B,20.02M BTC,1.11% (24h),,
2026-04-26 20:07:50,"$78,794.53",$1.57T,$21.59B,20.02M BTC,1.6% (24h),,
2026-04-27 00:00:13,"$79,126.69",$1.58T,$26.58B,20.02M BTC,2.22% (24h),,
2026-04-27 02:39:43,"$77,620.83",$1.55T,$29.37B,20.02M BTC,0.44% (24h),,
2026-04-27 05:09:54,"$77,827.99",$1.55T,$31.19B,20.02M BTC,0.21% (24h),,
2026-04-27 07:18:41,"$77,777.16",$1.55T,$32.21B,20.02M BTC,0.34% (24h),,
2026-04-27 08:57:04,"$77,668.12",$1.55T,$32.36B,20.02M BTC,0.22% (24h),,
2026-04-27 11:11:29,"$77,497.96",$1.55T,$34.3B,20.02M BTC,0.77% (24h),,
2026-04-27 12:57:59,"$76,591.94",$1.53T,$38.65B,20.02M BTC,1.84% (24h),,
2026-04-27 14:12:08,"$76,710.05",$1.53T,$39.81B,20.02M BTC,1.7% (24h),,
2026-04-27 15:52:08,"$76,819.12",$1.53T,$39.78B,20.02M BTC,1.85% (24h),,
2026-04-27 17:09:06,"$76,905.70",$1.53T,$40.16B,20.02M BTC,1.78% (24h),,
2026-04-27 18:07:45,"$76,878.81",$1.53T,$39.27B,20.02M BTC,2.05% (24h),,
2026-04-27 19:10:24,"$77,026.02",$1.54T,$38.26B,20.02M BTC,1.66% (24h),,
2026-04-28 00:05:43,"$76,803.32",$1.53T,$35.11B,20.02M BTC,2.92% (24h),,
2026-04-28 02:44:01,"$76,644.77",$1.53T,$32.16B,20.02M BTC,1.26% (24h),,
2026-04-28 05:13:38,"$76,842.54",$1.53T,$33.19B,20.02M BTC,1.26% (24h),,
2026-04-28 07:20:48,"$76,392.35",$1.52T,$33.19B,20.02M BTC,1.79% (24h),,
2026-04-28 09:05:44,"$76,284.75",$1.52T,$34.98B,20.02M BTC,1.76% (24h),,
2026-04-28 11:37:29,"$75,934.36",$1.52T,$35.1B,20.02M BTC,1.37% (24h),,
2026-04-28 13:20:14,"$75,957.22",$1.52T,$33.77B,20.02M BTC,0.92% (24h),,
2026-04-28 14:59:50,"$76,234.29",$1.52T,$33.32B,20.02M BTC,0.79% (24h),,
2026-04-28 16:25:38,"$76,348.78",$1.52T,$32.61B,20.02M BTC,0.81% (24h),,
2026-04-28 17:38:45,"$76,363.48",$1.52T,$32.75B,20.02M BTC,0.77% (24h),,
2026-04-28 18:39:26,"$76,322.47",$1.52T,$32.61B,20.02M BTC,0.84% (24h),,
2026-04-28 19:40:00,"$76,259.07",$1.52T,$32.29B,20.02M BTC,1.23% (24h),,
2026-04-28 21:24:56,"$76,246.62",$1.52T,$32.23B,20.02M BTC,1.29% (24h),,
2026-04-29 00:56:35,"$77,298.57",$1.54T,$33.26B,20.02M BTC,0.49% (24h),,
2026-04-29 03:27:19,"$77,030.71",$1.54T,$33.98B,20.02M BTC,0.49% (24h),,
2026-04-29 05:36:20,"$77,272.26",$1.54T,$32.71B,20.02M BTC,0.8% (24h),,
2026-04-29 07:18:37,"$77,583.93",$1.55T,$34.73B,20.02M BTC,1.56% (24h),,
2026-04-29 09:00:51,"$77,158.66",$1.54T,$35.09B,20.02M BTC,1.02% (24h),,
2026-04-29 11:25:33,"$76,209.77",$1.52T,$34.74B,20.02M BTC,0.2% (24h),,
2026-04-29 13:06:47,"$75,933.03",$1.52T,$36.65B,20.02M BTC,0.15% (24h),,
2026-04-29 14:46:48,"$75,255.51",$1.5T,$39.13B,20.02M BTC,1.15% (24h),,
2026-04-29 16:05:34,"$75,590.52",$1.51T,$40.05B,20.02M BTC,1.09% (24h),,
2026-04-29 17:18:50,"$75,836.77",$1.51T,$40.7B,20.02M BTC,0.69% (24h),,
2026-04-29 18:16:04,"$75,924.77",$1.52T,$41.03B,20.02M BTC,0.56% (24h),,
2026-04-29 19:15:24,"$75,958.24",$1.52T,$41.09B,20.02M BTC,0.48% (24h),,
2026-04-29 20:12:53,"$75,742.53",$1.51T,$41.3B,20.02M BTC,0.73% (24h),,
2026-04-30 00:09:24,"$75,751.92",$1.51T,$41.3B,20.02M BTC,1.53% (24h),,
2026-04-30 02:42:57,"$75,767.71",$1.51T,$40.58B,20.02M BTC,1.66% (24h),,
2026-04-30 05:06:10,"$76,068.87",$1.52T,$39.14B,20.02M BTC,1.18% (24h),,
2026-04-30 07:05:40,"$76,053.38",$1.52T,$37.5B,20.02M BTC,2.03% (24h),,
2026-04-30 08:52:36,"$76,295.99",$1.52T,$37.5B,20.02M BTC,1.14% (24h),,
2026-04-30 11:15:09,"$76,403.97",$1.52T,$36.42B,20.02M BTC,0.22% (24h),,
2026-04-30 12:51:52,"$76,326.20",$1.52T,$34.24B,20.02M BTC,0.72% (24h),,
2026-04-30 14:14:54,"$76,244.42",$1.52T,$32.34B,20.02M BTC,1.4% (24h),,
2026-04-30 15:53:17,"$76,417.52",$1.53T,$30.48B,20.02M BTC,1.2% (24h),,
2026-04-30 17:06:55,"$76,508.23",$1.53T,$29.84B,20.02M BTC,1.12% (24h),,
2026-04-30 18:09:16,"$76,311.95",$1.52T,$29.77B,20.02M BTC,0.5% (24h),,
2026-04-30 19:10:22,"$76,238.53",$1.52T,$29.61B,20.02M BTC,0.4% (24h),,
2026-04-30 20:07:02,"$76,458.35",$1.53T,$29.48B,20.02M BTC,0.9% (24h),,
2026-05-01 05:58:31,"$77,232.76",$1.54T,$30.2B,20.02M BTC,1.47% (24h),,
2026-05-01 06:44:40,"$77,246.25",$1.54T,$30.29B,20.02M BTC,1.63% (24h),,
2026-05-01 07:47:47,"$77,383.68",$1.54T,$30.94B,20.02M BTC,1.95% (24h),,
2026-05-01 08:45:35,"$77,936.03",$1.56T,$31.19B,20.02M BTC,2.22% (24h),,
2026-05-02 05:44:18,"$78,312.55",$1.56T,$34.05B,20.02M BTC,1.35% (24h),,
2026-05-02 06:14:26,"$78,291.65",$1.56T,$33.82B,20.02M BTC,1.48% (24h),,
2026-05-02 07:12:17,"$78,167.26",$1.56T,$33.03B,20.02M BTC,1.17% (24h),,
2026-05-02 08:03:31,"$78,116.64",$1.56T,$31.66B,20.02M BTC,0.81% (24h),,
2026-05-02 09:47:38,"$78,328.40",$1.56T,$27.08B,20.02M BTC,0.04% (24h),,
2026-05-02 10:38:56,"$78,382.41",$1.56T,$23.72B,20.02M BTC,0.35% (24h),,
2026-05-02 11:32:37,"$78,371.88",$1.56T,$22.18B,20.02M BTC,0.24% (24h),,
2026-05-02 12:30:55,"$78,484.66",$1.57T,$20.56B,20.02M BTC,0.21% (24h),,
2026-05-02 13:28:36,"$78,417.25",$1.57T,$19.73B,20.02M BTC,0.28% (24h),,
2026-05-02 14:36:12,"$78,425.61",$1.57T,$19.07B,20.02M BTC,0.06% (24h),,
2026-05-02 15:38:51,"$78,453.76",$1.57T,$18.51B,20.02M BTC,0.17% (24h),,
2026-05-02 16:24:32,"$78,435.28",$1.57T,$17.81B,20.02M BTC,0.38% (24h),,
2026-05-02 17:11:03,"$78,481.44",$1.57T,$16.73B,20.02M BTC,0.66% (24h),,
2026-05-02 18:00:33,"$78,754.05",$1.57T,$17.1B,20.02M BTC,0.73% (24h),,
2026-05-02 18:57:44,"$78,825.25",$1.57T,$16.99B,20.02M BTC,0.86% (24h),,
2026-05-02 19:55:27,"$78,666.86",$1.57T,$16.97B,20.02M BTC,0.67% (24h),,
2026-05-02 23:42:30,"$78,168.53",$1.56T,$17.07B,20.02M BTC,0.28% (24h),,
2026-05-03 02:19:26,"$78,136.44",$1.56T,$15.81B,20.02M BTC,0.08% (24h),,
2026-05-03 04:19:05,"$78,446.88",$1.57T,$15.91B,20.02M BTC,0.27% (24h),,
2026-05-03 05:44:08,"$78,515.04",$1.57T,$15.98B,20.02M BTC,0.26% (24h),,
2026-05-03 07:30:05,"$78,497.60",$1.57T,$16.02B,20.02M BTC,0.38% (24h),,
2026-05-03 08:09:58,"$78,729.52",$1.57T,$16.4B,20.02M BTC,0.73% (24h),,
2026-05-03 09:50:26,"$78,613.71",$1.57T,$16.67B,20.02M BTC,0.36% (24h),,
2026-05-03 10:41:35,"$78,686.26",$1.57T,$16.88B,20.02M BTC,0.39% (24h),,
2026-05-03 11:33:57,"$78,708.80",$1.57T,$17.23B,20.02M BTC,0.43% (24h),,
2026-05-03 13:29:49,"$78,720.22",$1.57T,$17.38B,20.02M BTC,0.38% (24h),,
2026-05-03 14:33:37,"$78,699.47",$1.57T,$17.53B,20.02M BTC,0.35% (24h),,
2026-05-03 15:41:17,"$78,775.37",$1.57T,$17.62B,20.02M BTC,0.4% (24h),,
2026-05-03 16:27:06,"$78,888.14",$1.57T,$17.89B,20.02M BTC,0.6% (24h),,
2026-05-03 17:12:24,"$79,025.23",$1.58T,$18.79B,20.02M BTC,0.69% (24h),,
2026-05-03 18:05:20,"$79,071.80",$1.58T,$18.34B,20.02M BTC,0.47% (24h),,
2026-05-03 19:03:26,"$79,216.41",$1.58T,$19.6B,20.02M BTC,0.57% (24h),,
2026-05-03 20:02:33,"$78,496.93",$1.57T,$20.54B,20.02M BTC,0.25% (24h),,
2026-05-04 00:07:56,"$80,378.01",$1.6T,$29.13B,20.02M BTC,2.83% (24h),,
2026-05-04 03:23:48,"$79,844.70",$1.59T,$33.97B,20.02M BTC,1.89% (24h),,
2026-05-04 05:38:35,"$79,742.98",$1.59T,$35.47B,20.02M BTC,1.59% (24h),,
2026-05-04 07:27:19,"$78,911.76",$1.58T,$42.03B,20.02M BTC,0.53% (24h),,
2026-05-04 09:10:38,"$78,850.46",$1.57T,$42.85B,20.02M BTC,0.16% (24h),,
2026-05-04 11:23:06,"$79,650.66",$1.59T,$48.15B,20.02M BTC,1.18% (24h),,
2026-05-04 13:13:24,"$80,341.63",$1.6T,$53.7B,20.02M BTC,2.09% (24h),,
2026-05-04 15:00:19,"$80,091.38",$1.6T,$55.98B,20.02M BTC,1.73% (24h),,
2026-05-04 16:25:07,"$79,966.85",$1.6T,$56.71B,20.02M BTC,1.31% (24h),,
2026-05-04 17:40:19,"$80,257.96",$1.6T,$56.33B,20.02M BTC,1.77% (24h),,
2026-05-04 18:41:13,"$80,108.81",$1.6T,$54.98B,20.02M BTC,1.17% (24h),,
2026-05-04 19:38:02,"$79,737.36",$1.59T,$54.5B,20.02M BTC,1.44% (24h),,
2026-05-04 21:19:11,"$80,209.56",$1.6T,$53.94B,20.02M BTC,2.2% (24h),,
2026-05-05 00:31:34,"$80,745.31",$1.61T,$48.09B,20.02M BTC,0.48% (24h),,
2026-05-05 02:38:06,"$80,808.80",$1.61T,$47.34B,20.02M BTC,1.33% (24h),,
2026-05-05 05:01:14,"$80,731.80",$1.61T,$47.38B,20.02M BTC,1.34% (24h),,
2026-05-05 06:55:11,"$80,734.30",$1.61T,$42.42B,20.02M BTC,2.23% (24h),,
2026-05-05 08:07:40,"$81,031.48",$1.62T,$42.16B,20.02M BTC,2.87% (24h),,
2026-05-05 10:24:35,"$81,202.89",$1.62T,$44.5B,20.02M BTC,2.53% (24h),,
2026-05-05 12:26:15,"$81,445.75",$1.63T,$39.34B,20.02M BTC,1.49% (24h),,
2026-05-05 13:57:13,"$81,294.18",$1.62T,$38.17B,20.02M BTC,1% (24h),,
2026-05-05 15:29:23,"$81,564.98",$1.63T,$37.03B,20.02M BTC,2.05% (24h),,
2026-05-05 16:44:19,"$81,665.01",$1.63T,$37.51B,20.02M BTC,2.19% (24h),,
2026-05-05 17:47:58,"$81,430.53",$1.63T,$38.17B,20.02M BTC,1.45% (24h),,
2026-05-05 18:41:56,"$80,889.27",$1.61T,$38.47B,20.02M BTC,0.96% (24h),,
2026-05-05 19:36:53,"$80,826.84",$1.61T,$39.44B,20.02M BTC,1.27% (24h),,
2026-05-05 21:17:13,"$81,192.58",$1.62T,$40.19B,20.02M BTC,1.21% (24h),,
2026-05-06 00:47:36,"$81,390.39",$1.62T,$40.06B,20.02M BTC,0.79% (24h),,
2026-05-06 03:28:56,"$81,535.46",$1.63T,$39.49B,20.02M BTC,0.58% (24h),,
2026-05-06 05:59:51,"$81,963.98",$1.64T,$41.21B,20.02M BTC,1.74% (24h),,
2026-05-06 07:59:30,"$82,493.12",$1.65T,$43.76B,20.02M BTC,1.83% (24h),,
2026-05-06 10:39:53,"$81,704.48",$1.63T,$43.82B,20.02M BTC,0.57% (24h),,
2026-05-06 12:19:42,"$81,688.03",$1.63T,$43.62B,20.02M BTC,0.26% (24h),,
2026-05-06 13:57:15,"$81,482.31",$1.63T,$43.96B,20.02M BTC,0.23% (24h),,
2026-05-06 15:54:49,"$81,483.99",$1.63T,$44.29B,20.02M BTC,0.1% (24h),,
2026-05-06 17:16:11,"$81,382.89",$1.62T,$43.52B,20.02M BTC,0.28% (24h),,
2026-05-06 18:11:58,"$81,379.29",$1.62T,$43.16B,20.02M BTC,0.02% (24h),,
2026-05-06 19:10:53,"$81,213.08",$1.62T,$42.1B,20.02M BTC,0.14% (24h),,
2026-05-06 20:06:32,"$81,444.21",$1.63T,$41.53B,20.02M BTC,0.51% (24h),,
2026-05-07 00:03:27,"$80,849.01",$1.61T,$40.31B,20.02M BTC,0.88% (24h),,
2026-05-07 02:52:10,"$81,313.05",$1.62T,$39.93B,20.02M BTC,0.19% (24h),,
2026-05-07 05:38:47,"$80,919.81",$1.62T,$39B,20.02M BTC,1.19% (24h),,
2026-05-07 07:29:55,"$80,885.51",$1.61T,$36.53B,20.02M BTC,2.13% (24h),,
2026-05-07 09:19:02,"$81,017.95",$1.62T,$33.59B,20.02M BTC,1.35% (24h),,
2026-05-07 11:41:43,"$79,932.47",$1.6T,$35.02B,20.02M BTC,1.93% (24h),,
2026-05-07 13:27:12,"$79,537.19",$1.59T,$36.08B,20.02M BTC,2.37% (24h),,
2026-05-07 15:16:59,"$80,162.35",$1.6T,$37.26B,20.02M BTC,1.27% (24h),,
2026-05-07 16:43:25,"$79,921.84",$1.6T,$37.11B,20.02M BTC,1.77% (24h),,
2026-05-07 17:43:09,"$79,833.09",$1.59T,$37.34B,20.02M BTC,2.13% (24h),,
2026-05-07 18:46:58,"$79,841.22",$1.59T,$37.08B,20.02M BTC,1.81% (24h),,
2026-05-07 19:40:14,"$79,974.25",$1.6T,$36.9B,20.02M BTC,1.65% (24h),,
2026-05-07 21:27:03,"$79,685.31",$1.59T,$36.78B,20.02M BTC,1.79% (24h),,
2026-05-08 00:40:15,"$79,594.81",$1.59T,$36.71B,20.02M BTC,1.57% (24h),,
2026-05-08 02:23:14,"$79,591.05",$1.59T,$36.43B,20.02M BTC,1.72% (24h),,
2026-05-08 04:11:29,"$79,686.07",$1.59T,$37.5B,20.02M BTC,2.21% (24h),,
2026-05-08 05:56:04,"$79,853.26",$1.59T,$37.59B,20.02M BTC,1.32% (24h),,
2026-05-08 07:23:52,"$80,190.64",$1.6T,$37.78B,20.02M BTC,0.87% (24h),,
2026-05-08 08:55:40,"$80,099.85",$1.6T,$38.26B,20.02M BTC,1.28% (24h),,
2026-05-08 10:56:13,"$80,157.34",$1.6T,$36.95B,20.02M BTC,0.14% (24h),,
2026-05-08 12:19:27,"$79,954.88",$1.6T,$34.95B,20.02M BTC,0.3% (24h),,
2026-05-08 13:49:54,"$80,217.10",$1.6T,$34.79B,20.02M BTC,0.42% (24h),,
2026-05-08 15:00:53,"$80,024.00",$1.6T,$34.7B,20.02M BTC,0.22% (24h),,
2026-05-08 16:15:14,"$80,214.32",$1.6T,$34.16B,20.02M BTC,0.1% (24h),,
2026-05-08 17:32:00,"$80,156.43",$1.6T,$33.89B,20.02M BTC,0.34% (24h),,
2026-05-08 18:36:58,"$80,334.49",$1.6T,$33.5B,20.02M BTC,0.69% (24h),,
2026-05-08 19:37:37,"$80,116.58",$1.6T,$33.59B,20.02M BTC,0.25% (24h),,
2026-05-08 21:23:05,"$80,264.39",$1.6T,$32.61B,20.02M BTC,0.7% (24h),,
2026-05-09 00:52:53,"$80,433.47",$1.61T,$31.03B,20.02M BTC,1.05% (24h),,
2026-05-09 03:11:39,"$80,145.11",$1.6T,$29.97B,20.02M BTC,0.98% (24h),,
2026-05-09 04:54:27,"$80,408.97",$1.61T,$28.79B,20.02M BTC,0.59% (24h),,
2026-05-09 06:11:17,"$80,185.10",$1.6T,$27.71B,20.02M BTC,0.47% (24h),,
2026-05-09 07:13:10,"$80,297.60",$1.6T,$26.93B,20.02M BTC,0.08% (24h),,
2026-05-09 08:06:43,"$80,344.66",$1.6T,$26.43B,20.02M BTC,0.15% (24h),,
2026-05-09 09:51:55,"$80,337.36",$1.6T,$24.46B,20.02M BTC,0.91% (24h),,
2026-05-09 10:43:51,"$80,317.42",$1.6T,$23.11B,20.02M BTC,0.15% (24h),,
2026-05-09 11:39:12,"$80,503.52",$1.61T,$22.26B,20.02M BTC,0.84% (24h),,
2026-05-09 12:36:30,"$80,612.90",$1.61T,$21.91B,20.02M BTC,1.01% (24h),,
2026-05-09 13:36:22,"$80,868.11",$1.61T,$21.15B,20.02M BTC,0.83% (24h),,
2026-05-09 14:38:13,"$80,961.02",$1.62T,$20.09B,20.02M BTC,0.99% (24h),,
2026-05-09 15:45:41,"$80,828.34",$1.61T,$19.3B,20.02M BTC,0.93% (24h),,
2026-05-09 16:31:23,"$80,786.35",$1.61T,$18.93B,20.02M BTC,0.71% (24h),,
2026-05-09 17:26:38,"$80,769.56",$1.61T,$18.69B,20.02M BTC,0.75% (24h),,
2026-05-09 18:10:11,"$80,725.26",$1.61T,$18.4B,20.02M BTC,0.54% (24h),,
2026-05-09 19:06:40,"$80,746.93",$1.61T,$18.22B,20.02M BTC,0.64% (24h),,
2026-05-09 20:03:19,"$80,673.75",$1.61T,$18.1B,20.02M BTC,0.65% (24h),,
2026-05-10 00:13:31,"$80,735.03",$1.61T,$17.81B,20.02M BTC,0.19% (24h),,
2026-05-10 03:09:55,"$80,747.85",$1.61T,$16.84B,20.02M BTC,0.73% (24h),,
2026-05-10 05:03:09,"$80,861.23",$1.61T,$16.66B,20.02M BTC,0.57% (24h),,
2026-05-10 06:36:59,"$80,781.72",$1.61T,$16.59B,20.02M BTC,0.64% (24h),,
2026-05-10 07:32:20,"$80,783.54",$1.61T,$16.72B,20.02M BTC,0.56% (24h),,
2026-05-10 08:41:10,"$80,888.77",$1.61T,$16.63B,20.02M BTC,0.7% (24h),,
2026-05-10 10:10:11,"$80,917.96",$1.62T,$16.69B,20.02M BTC,0.7% (24h),,
2026-05-10 11:15:24,"$81,006.33",$1.62T,$16.97B,20.02M BTC,0.92% (24h),,
2026-05-10 12:14:54,"$81,427.88",$1.63T,$17.78B,20.02M BTC,1.07% (24h),,
2026-05-10 13:17:43,"$81,278.60",$1.62T,$17.92B,20.02M BTC,0.68% (24h),,
2026-05-10 14:11:52,"$81,401.30",$1.63T,$18.42B,20.02M BTC,0.76% (24h),,
2026-05-10 15:38:13,"$81,415.92",$1.63T,$18.92B,20.02M BTC,0.78% (24h),,
2026-05-10 16:28:38,"$81,120.46",$1.62T,$19.39B,20.02M BTC,0.42% (24h),,
2026-05-10 17:27:59,"$80,749.08",$1.61T,$21.15B,20.02M BTC,0.02% (24h),,
2026-05-10 18:25:23,"$81,291.24",$1.62T,$23.15B,20.02M BTC,0.67% (24h),,
2026-05-10 19:29:00,"$82,261.85",$1.64T,$26.03B,20.02M BTC,1.99% (24h),,
2026-05-10 21:26:39,"$81,682.45",$1.63T,$29.11B,20.02M BTC,1.37% (24h),,
2026-05-11 01:37:32,"$80,885.52",$1.61T,$31.66B,20.02M BTC,0.15% (24h),,
2026-05-11 04:47:50,"$80,816.29",$1.61T,$32.82B,20.02M BTC,0.01% (24h),,
2026-05-11 07:52:33,"$81,084.03",$1.62T,$33.83B,20.02M BTC,0.36% (24h),,
2026-05-11 11:22:47,"$80,985.89",$1.62T,$36.27B,20.02M BTC,0% (24h),,
2026-05-11 13:34:58,"$81,623.92",$1.63T,$37.31B,20.02M BTC,0.36% (24h),,
2026-05-11 15:19:48,"$81,843.94",$1.63T,$38.13B,20.02M BTC,0.53% (24h),,
2026-05-11 16:58:19,"$81,807.38",$1.63T,$37.69B,20.02M BTC,1.39% (24h),,
2026-05-11 18:15:30,"$81,824.48",$1.63T,$36.08B,20.02M BTC,0.63% (24h),,
2026-05-11 19:15:48,"$81,703.34",$1.63T,$33.64B,20.02M BTC,0.78% (24h),,
2026-05-11 20:15:31,"$81,597.69",$1.63T,$31.72B,20.02M BTC,0.32% (24h),,
2026-05-12 00:11:34,"$81,002.11",$1.62T,$29.5B,20.02M BTC,0.46% (24h),,
2026-05-12 02:51:27,"$81,025.92",$1.62T,$29.35B,20.02M BTC,0.32% (24h),,
2026-05-12 05:30:45,"$80,792.43",$1.61T,$30.06B,20.02M BTC,0.11% (24h),,
2026-05-12 07:34:03,"$80,624.75",$1.61T,$30.41B,20.02M BTC,0.6% (24h),,
2026-05-12 09:26:27,"$80,628.22",$1.61T,$31.44B,20.02M BTC,0.64% (24h),,
2026-05-12 12:03:49,"$80,375.72",$1.6T,$32.61B,20.02M BTC,1.2% (24h),,
2026-05-12 14:17:49,"$80,510.85",$1.61T,$32.48B,20.02M BTC,1.68% (24h),,
2026-05-12 16:13:14,"$80,752.31",$1.61T,$32.34B,20.02M BTC,1.39% (24h),,
2026-05-12 17:45:21,"$80,553.88",$1.61T,$32.32B,20.02M BTC,1.41% (24h),,
2026-05-12 18:51:36,"$80,631.31",$1.61T,$32.21B,20.02M BTC,1.45% (24h),,
2026-05-12 19:51:12,"$80,446.54",$1.61T,$31.97B,20.02M BTC,1.55% (24h),,
2026-05-12 21:59:16,"$80,972.93",$1.62T,$31.59B,20.02M BTC,0.23% (24h),,
2026-05-13 01:56:50,"$81,001.17",$1.62T,$31.81B,20.02M BTC,0.26% (24h),,
2026-05-13 04:52:16,"$81,145.38",$1.62T,$31.06B,20.02M BTC,0.28% (24h),,
2026-05-13 07:33:51,"$80,619.64",$1.61T,$30.52B,20.02M BTC,0.01% (24h),,
2026-05-13 09:54:20,"$79,664.04",$1.59T,$31.53B,20.02M BTC,1.28% (24h),,
2026-05-13 12:25:06,"$78,948.73",$1.58T,$33.03B,20.02M BTC,1.63% (24h),,
2026-05-13 14:25:45,"$79,739.12",$1.59T,$33.48B,20.02M BTC,0.95% (24h),,
2026-05-13 16:19:22,"$79,665.60",$1.59T,$33.61B,20.02M BTC,1.37% (24h),,
2026-05-13 17:50:04,"$79,457.52",$1.59T,$33.67B,20.02M BTC,1.28% (24h),,
2026-05-13 18:54:56,"$79,423.65",$1.59T,$33.9B,20.02M BTC,1.53% (24h),,
2026-05-13 20:06:41,"$79,343.36",$1.58T,$33.98B,20.02M BTC,1.37% (24h),,
2026-05-14 00:12:23,"$79,205.63",$1.58T,$35.06B,20.02M BTC,2.36% (24h),,
2026-05-14 03:26:43,"$79,758.22",$1.59T,$36.18B,20.02M BTC,1.39% (24h),,
2026-05-14 05:57:03,"$79,552.53",$1.59T,$37B,20.02M BTC,2.07% (24h),,
2026-05-14 07:57:12,"$79,267.27",$1.58T,$36.62B,20.02M BTC,1.53% (24h),,
2026-05-14 10:27:23,"$80,082.98",$1.6T,$35.37B,20.02M BTC,0.33% (24h),,
2026-05-14 12:29:23,"$81,548.24",$1.63T,$38.2B,20.02M BTC,3.22% (24h),,
2026-05-14 14:20:00,"$81,866.85",$1.63T,$42.3B,20.02M BTC,2.89% (24h),,
2026-05-14 16:11:39,"$81,543.12",$1.63T,$43.52B,20.02M BTC,2.34% (24h),,
2026-05-14 17:38:26,"$81,487.23",$1.63T,$43.74B,20.02M BTC,2.57% (24h),,
2026-05-14 18:42:05,"$81,508.83",$1.63T,$43.62B,20.02M BTC,2.72% (24h),,
2026-05-14 19:42:58,"$81,204.44",$1.62T,$43.53B,20.02M BTC,2.44% (24h),,
2026-05-14 21:47:03,"$81,279.39",$1.62T,$43.8B,20.02M BTC,2.33% (24h),,
2026-05-15 01:42:38,"$80,383.09",$1.61T,$43.91B,20.02M BTC,0.87% (24h),,
2026-05-15 04:33:09,"$80,496.06",$1.61T,$45.36B,20.02M BTC,0.9% (24h),,
2026-05-15 07:05:47,"$80,614.14",$1.61T,$45.26B,20.02M BTC,1.4% (24h),,
2026-05-15 09:04:58,"$80,094.48",$1.6T,$44.88B,20.02M BTC,0.42% (24h),,
2026-05-15 11:29:47,"$79,102.27",$1.58T,$46.93B,20.02M BTC,2.32% (24h),,
2026-05-15 13:13:06,"$79,267.11",$1.58T,$41.48B,20.02M BTC,3.23% (24h),,
2026-05-15 15:00:24,"$79,241.62",$1.58T,$39.1B,20.02M BTC,2.87% (24h),,
2026-05-15 16:22:30,"$79,063.00",$1.58T,$38.34B,20.02M BTC,2.7% (24h),,
2026-05-15 17:36:06,"$79,074.94",$1.58T,$38.17B,20.02M BTC,2.9% (24h),,
2026-05-15 18:37:51,"$79,050.81",$1.58T,$38.38B,20.02M BTC,2.97% (24h),,
2026-05-15 19:38:14,"$79,041.92",$1.58T,$38.16B,20.02M BTC,2.79% (24h),,
2026-05-15 21:24:42,"$79,092.03",$1.58T,$37.28B,20.02M BTC,2.88% (24h),,
2026-05-16 00:57:43,"$78,961.93",$1.58T,$35.56B,20.02M BTC,2.25% (24h),,
2026-05-16 03:21:16,"$78,280.52",$1.56T,$33.86B,20.03M BTC,3.04% (24h),,
2026-05-16 05:10:27,"$78,354.26",$1.56T,$33.91B,20.03M BTC,2.75% (24h),,
2026-05-16 06:39:14,"$77,832.98",$1.55T,$35.93B,20.03M BTC,3.29% (24h),,
2026-05-16 07:37:42,"$78,144.96",$1.56T,$36.72B,20.03M BTC,3.07% (24h),,
2026-05-16 08:45:01,"$78,035.24",$1.56T,$37.11B,20.03M BTC,2.96% (24h),,
2026-05-16 10:16:04,"$77,924.50",$1.56T,$31.97B,20.03M BTC,1.6% (24h),,
2026-05-16 11:31:35,"$78,138.07",$1.56T,$30.54B,20.03M BTC,1.27% (24h),,
2026-05-16 12:33:10,"$78,252.68",$1.56T,$29.8B,20.03M BTC,1.31% (24h),,
2026-05-16 13:39:54,"$78,252.83",$1.56T,$29.28B,20.03M BTC,1.42% (24h),,
2026-05-16 14:40:56,"$78,166.06",$1.56T,$28.54B,20.03M BTC,1.33% (24h),,
2026-05-16 15:49:34,"$78,269.16",$1.56T,$28.17B,20.03M BTC,1.05% (24h),,
2026-05-16 16:36:17,"$78,211.28",$1.56T,$27.59B,20.03M BTC,1.12% (24h),,
2026-05-16 17:33:35,"$78,235.23",$1.56T,$27.13B,20.03M BTC,1.05% (24h),,
2026-05-16 18:30:03,"$78,234.39",$1.56T,$26.69B,20.03M BTC,0.99% (24h),,
2026-05-16 19:32:53,"$78,203.86",$1.56T,$26.16B,20.03M BTC,1.09% (24h),,
2026-05-16 21:31:15,"$77,961.22",$1.56T,$25.98B,20.03M BTC,1.3% (24h),,
2026-05-17 01:33:37,"$78,127.36",$1.56T,$26.16B,20.03M BTC,1.04% (24h),,
2026-05-17 04:01:34,"$78,110.81",$1.56T,$23.3B,20.03M BTC,0.33% (24h),,
2026-05-17 05:59:04,"$78,245.59",$1.56T,$21.38B,20.03M BTC,0.24% (24h),,
2026-05-17 07:20:43,"$78,294.34",$1.56T,$19.37B,20.03M BTC,0.25% (24h),,
2026-05-17 08:10:29,"$78,373.31",$1.56T,$19.15B,20.03M BTC,0.42% (24h),,
2026-05-17 09:58:35,"$78,178.50",$1.56T,$18.14B,20.03M BTC,0.29% (24h),,
2026-05-17 11:07:09,"$78,070.93",$1.56T,$17.73B,20.03M BTC,0.03% (24h),,
2026-05-17 12:10:31,"$78,047.79",$1.56T,$17.62B,20.03M BTC,0.23% (24h),,
2026-05-17 13:15:25,"$77,886.13",$1.56T,$17.33B,20.03M BTC,0.43% (24h),,
2026-05-17 14:15:37,"$78,100.05",$1.56T,$17.19B,20.03M BTC,0.08% (24h),,
2026-05-17 15:41:50,"$78,325.17",$1.56T,$17.13B,20.03M BTC,0.1% (24h),,
2026-05-17 16:36:42,"$78,275.60",$1.56T,$17.21B,20.03M BTC,0.08% (24h),,
2026-05-17 17:38:05,"$78,366.13",$1.56T,$17.26B,20.03M BTC,0.17% (24h),,
2026-05-17 18:36:49,"$78,006.62",$1.56T,$17.74B,20.03M BTC,0.26% (24h),,
2026-05-17 19:40:56,"$77,211.41",$1.54T,$18.78B,20.03M BTC,1.24% (24h),,
2026-05-17 21:51:21,"$76,900.14",$1.54T,$22.75B,20.03M BTC,1.15% (24h),,
2026-05-18 02:04:47,"$76,887.53",$1.54T,$24.76B,20.03M BTC,1.61% (24h),,
2026-05-18 06:41:10,"$76,787.70",$1.53T,$28.93B,20.03M BTC,2.08% (24h),,
2026-05-18 10:19:54,"$76,513.74",$1.53T,$33.25B,20.03M BTC,1.77% (24h),,
2026-05-18 13:15:13,"$76,516.19",$1.53T,$40.58B,20.03M BTC,1.74% (24h),,
2026-05-18 15:08:40,"$76,531.49",$1.53T,$42.28B,20.03M BTC,2.17% (24h),,
2026-05-18 16:45:24,"$76,910.29",$1.54T,$43.48B,20.03M BTC,1.72% (24h),,
2026-05-18 17:56:28,"$77,006.98",$1.54T,$44.18B,20.03M BTC,1.75% (24h),,
2026-05-18 19:07:44,"$77,075.69",$1.54T,$43.69B,20.03M BTC,0.97% (24h),,
2026-05-18 20:19:11,"$77,128.57",$1.54T,$40.47B,20.03M BTC,0.08% (24h),,
2026-05-19 00:39:11,"$76,790.44",$1.53T,$39.11B,20.03M BTC,0.05% (24h),,
2026-05-19 04:07:06,"$77,103.06",$1.54T,$37.63B,20.03M BTC,0% (24h),,
2026-05-19 07:32:42,"$76,824.59",$1.53T,$37.46B,20.03M BTC,0.06% (24h),,
2026-05-19 10:19:23,"$76,421.86",$1.53T,$34.19B,20.03M BTC,0.13% (24h),,
2026-05-19 13:24:45,"$76,909.06",$1.54T,$29.81B,20.03M BTC,0.46% (24h),,
2026-05-19 15:27:40,"$76,750.23",$1.53T,$28.35B,20.03M BTC,0.26% (24h),,
2026-05-19 17:04:49,"$76,942.67",$1.54T,$27.39B,20.03M BTC,0.15% (24h),,
2026-05-19 18:39:13,"$76,672.92",$1.53T,$26.75B,20.03M BTC,0.55% (24h),,
2026-05-19 19:50:20,"$76,830.63",$1.53T,$26.24B,20.03M BTC,0.17% (24h),,
2026-05-19 21:52:49,"$76,693.21",$1.53T,$25.49B,20.03M BTC,0% (24h),,
2026-05-20 02:14:41,"$77,151.24",$1.54T,$26.16B,20.03M BTC,0.27% (24h),,
2026-05-20 05:58:05,"$77,371.25",$1.54T,$25.5B,20.03M BTC,0.79% (24h),,
2026-05-20 08:31:33,"$77,429.83",$1.55T,$25.07B,20.03M BTC,0.84% (24h),,
2026-05-20 12:10:06,"$77,462.66",$1.55T,$25.17B,20.03M BTC,1.42% (24h),,
2026-05-20 14:32:34,"$77,436.58",$1.55T,$25.82B,20.03M BTC,0.92% (24h),,
2026-05-20 16:54:24,"$77,637.79",$1.55T,$26.53B,20.03M BTC,0.88% (24h),,
2026-05-20 18:26:58,"$77,339.81",$1.54T,$26.53B,20.03M BTC,0.95% (24h),,
2026-05-20 19:50:57,"$77,458.08",$1.55T,$26.74B,20.03M BTC,0.81% (24h),,
2026-05-20 22:02:28,"$77,786.50",$1.55T,$27.04B,20.03M BTC,1.37% (24h),,
2026-05-21 02:20:11,"$77,670.21",$1.55T,$26.3B,20.03M BTC,0.55% (24h),,
2026-05-21 06:08:06,"$77,562.89",$1.55T,$26.58B,20.03M BTC,0.09% (24h),,
2026-05-21 14:25:35,"$77,803.80",$1.55T,$27.75B,20.03M BTC,0.44% (24h),,
2026-05-21 16:22:57,"$77,632.62",$1.55T,$27.89B,20.03M BTC,0.21% (24h),,
2026-05-21 18:00:53,"$77,586.51",$1.55T,$27.71B,20.03M BTC,0.18% (24h),,
2026-05-21 19:14:23,"$77,553.26",$1.55T,$27.07B,20.03M BTC,0.26% (24h),,
2026-05-21 21:27:56,"$77,394.43",$1.55T,$26.25B,20.03M BTC,0.47% (24h),,
2026-05-22 01:44:15,"$77,513.99",$1.55T,$25.41B,20.03M BTC,0.34% (24h),,
2026-05-22 04:43:17,"$77,231.34",$1.54T,$25.48B,20.03M BTC,0.79% (24h),,
2026-05-22 07:35:42,"$77,234.50",$1.54T,$25.66B,20.03M BTC,0% (24h),,
2026-05-22 10:00:34,"$77,140.18",$1.54T,$25.34B,20.03M BTC,0.12% (24h),,
2026-05-22 12:35:25,"$76,830.47",$1.53T,$26.4B,20.03M BTC,0.45% (24h),,
2026-05-22 14:23:41,"$76,814.32",$1.53T,$24.37B,20.03M BTC,1.17% (24h),,
2026-05-22 16:21:42,"$75,832.31",$1.51T,$26.94B,20.03M BTC,2.31% (24h),,
2026-05-22 17:41:20,"$75,956.82",$1.52T,$27.35B,20.03M BTC,2.19% (24h),,
2026-05-22 18:43:43,"$75,596.37",$1.51T,$27.54B,20.03M BTC,2.54% (24h),,
2026-05-22 19:53:32,"$75,493.37",$1.51T,$27.51B,20.03M BTC,2.79% (24h),,
2026-05-22 23:41:54,"$75,560.29",$1.51T,$29.41B,20.03M BTC,2.78% (24h),,
2026-05-23 02:27:49,"$75,384.00",$1.51T,$28.47B,20.03M BTC,2.55% (24h),,
2026-05-23 04:37:29,"$74,410.70",$1.49T,$30.33B,20.03M BTC,3.67% (24h),,
2026-05-23 06:16:09,"$74,660.41",$1.49T,$30.55B,20.03M BTC,3.29% (24h),,
2026-05-23 07:39:15,"$74,720.42",$1.49T,$30.56B,20.03M BTC,3.27% (24h),,
2026-05-23 08:44:10,"$74,657.78",$1.49T,$30.38B,20.03M BTC,3.47% (24h),,
2026-05-23 10:22:24,"$75,209.12",$1.5T,$30.12B,20.03M BTC,2.08% (24h),,
2026-05-23 11:44:54,"$75,410.18",$1.51T,$29.63B,20.03M BTC,1.55% (24h),,
2026-05-23 12:44:26,"$75,428.98",$1.51T,$29.67B,20.03M BTC,1.81% (24h),,
2026-05-23 13:48:39,"$75,326.53",$1.5T,$29.43B,20.03M BTC,1.95% (24h),,
2026-05-23 14:47:57,"$75,784.04",$1.51T,$29.45B,20.03M BTC,0.53% (24h),,
2026-05-23 15:58:27,"$75,839.35",$1.51T,$27.31B,20.03M BTC,0.07% (24h),,
2026-05-23 17:04:36,"$76,893.28",$1.54T,$28.92B,20.03M BTC,1.26% (24h),,
2026-05-23 18:07:46,"$76,710.58",$1.53T,$29.86B,20.03M BTC,1.16% (24h),,
2026-05-23 19:11:06,"$76,641.29",$1.53T,$30.24B,20.03M BTC,1.12% (24h),,
2026-05-23 20:14:20,"$76,578.15",$1.53T,$29.73B,20.03M BTC,1.59% (24h),,
2026-05-24 00:45:04,"$76,675.85",$1.53T,$28.41B,20.03M BTC,1.64% (24h),,
2026-05-24 03:44:59,"$76,770.53",$1.53T,$27.85B,20.03M BTC,2.09% (24h),,
2026-05-24 05:46:03,"$76,879.71",$1.54T,$27.31B,20.03M BTC,2.97% (24h),,
2026-05-24 07:05:20,"$77,191.77",$1.54T,$29.23B,20.03M BTC,3.4% (24h),,
2026-05-24 08:11:46,"$77,123.00",$1.54T,$29.26B,20.03M BTC,3.26% (24h),,
2026-05-24 10:02:47,"$76,700.68",$1.53T,$30.39B,20.03M BTC,2.15% (24h),,
2026-05-24 11:22:05,"$76,346.17",$1.52T,$24.52B,20.03M BTC,1.02% (24h),,
2026-05-24 12:32:26,"$76,489.18",$1.53T,$24.27B,20.03M BTC,1.46% (24h),,
2026-05-24 13:40:11,"$76,621.98",$1.53T,$23.94B,20.03M BTC,1.65% (24h),,
2026-05-24 14:49:35,"$76,500.07",$1.53T,$23.27B,20.03M BTC,0.99% (24h),,
2026-05-24 15:58:56,"$76,660.50",$1.53T,$22.87B,20.03M BTC,1.08% (24h),,
2026-05-24 17:07:18,"$76,601.80",$1.53T,$21.57B,20.03M BTC,0.41% (24h),,
2026-05-24 18:09:43,"$76,627.37",$1.53T,$20.41B,20.03M BTC,0.06% (24h),,
2026-05-24 19:16:03,"$76,893.13",$1.54T,$20.45B,20.03M BTC,0.34% (24h),,
2026-05-24 20:18:35,"$77,082.84",$1.54T,$20.49B,20.03M BTC,0.62% (24h),,
2026-05-25 00:59:07,"$77,289.89",$1.54T,$21.5B,20.03M BTC,0.77% (24h),,
2026-05-25 08:44:55,"$77,286.74",$1.54T,$21.48B,20.03M BTC,0.34% (24h),,
2026-05-25 11:45:15,"$77,585.82",$1.55T,$21.42B,20.03M BTC,1.6% (24h),,
2026-05-25 13:26:53,"$77,563.43",$1.55T,$21.39B,20.03M BTC,1.34% (24h),,
2026-05-25 15:05:41,"$77,403.09",$1.55T,$21.21B,20.03M BTC,1.07% (24h),,
2026-05-25 16:43:30,"$77,177.90",$1.54T,$21.24B,20.03M BTC,0.77% (24h),,
2026-05-25 17:57:11,"$77,273.44",$1.54T,$21.18B,20.03M BTC,1.47% (24h),,
2026-05-25 19:13:00,"$77,186.66",$1.54T,$20.39B,20.03M BTC,0.45% (24h),,
2026-05-25 20:18:53,"$77,104.10",$1.54T,$19.68B,20.03M BTC,0.04% (24h),,
2026-05-26 00:41:25,"$76,688.83",$1.53T,$21.23B,20.03M BTC,0.52% (24h),,
2026-05-26 04:23:42,"$76,691.07",$1.53T,$21.44B,20.03M BTC,0.71% (24h),,
2026-05-26 10:28:01,"$77,964.91",$1.56T,$25.3B,20.03M BTC,0.58% (24h),,
2026-05-26 13:46:16,"$75,908.67",$1.52T,$32.7B,20.03M BTC,2.04% (24h),,
2026-05-26 15:49:38,"$75,899.25",$1.52T,$35.01B,20.03M BTC,1.87% (24h),,
2026-05-26 17:24:08,"$75,912.12",$1.52T,$35.5B,20.03M BTC,1.7% (24h),,
2026-05-26 18:51:16,"$75,587.94",$1.51T,$35.58B,20.03M BTC,2.05% (24h),,
2026-05-27 00:24:16,"$75,402.79",$1.51T,$35.45B,20.03M BTC,1.48% (24h),,
2026-05-27 04:27:40,"$75,922.25",$1.52T,$36.33B,20.03M BTC,1.02% (24h),,
2026-05-27 11:57:09,"$75,164.85",$1.5T,$35.04B,20.03M BTC,1.5% (24h),,
2026-05-27 14:31:13,"$74,762.62",$1.49T,$32.31B,20.03M BTC,1.55% (24h),,
2026-05-27 16:37:26,"$75,126.56",$1.5T,$32.43B,20.03M BTC,1.01% (24h),,
2026-05-27 18:23:21,"$74,439.74",$1.49T,$33.21B,20.03M BTC,1.65% (24h),,
2026-05-27 19:46:59,"$74,339.62",$1.48T,$33.58B,20.03M BTC,1.99% (24h),,
2026-05-27 21:28:53,"$74,135.94",$1.48T,$33.95B,20.03M BTC,2.13% (24h),,
2026-05-28 01:54:03,"$72,908.60",$1.46T,$40.59B,20.03M BTC,3.51% (24h),,
2026-05-28 06:13:05,"$73,457.46",$1.47T,$42.72B,20.03M BTC,3.05% (24h),,
2026-05-28 10:09:07,"$72,681.95",$1.45T,$40.9B,20.03M BTC,2.91% (24h),,
2026-05-28 13:45:05,"$73,370.04",$1.47T,$42.19B,20.03M BTC,1.88% (24h),,
2026-05-28 15:59:37,"$73,327.65",$1.46T,$41.41B,20.03M BTC,2.12% (24h),,
2026-05-28 18:03:39,"$73,708.30",$1.47T,$41.14B,20.03M BTC,1.06% (24h),,
2026-05-28 19:43:00,"$73,469.88",$1.47T,$40.44B,20.03M BTC,0.99% (24h),,
2026-05-28 21:49:56,"$73,392.34",$1.47T,$39.7B,20.03M BTC,1.1% (24h),,
2026-05-29 02:01:03,"$73,585.25",$1.47T,$32.7B,20.03M BTC,1% (24h),,
2026-05-29 06:12:50,"$73,598.99",$1.47T,$32.19B,20.03M BTC,0.15% (24h),,
2026-05-29 09:41:41,"$73,030.74",$1.46T,$32.04B,20.03M BTC,0.35% (24h),,
2026-05-29 13:03:28,"$73,893.14",$1.48T,$32.47B,20.03M BTC,0.9% (24h),,
2026-05-29 15:41:19,"$73,618.70",$1.47T,$35.25B,20.03M BTC,0.39% (24h),,
2026-05-29 17:29:36,"$73,461.34",$1.47T,$34.6B,20.03M BTC,0.24% (24h),,
2026-05-29 18:54:41,"$73,328.68",$1.46T,$34.65B,20.03M BTC,0.11% (24h),,
2026-05-29 20:13:33,"$73,407.33",$1.47T,$34.29B,20.03M BTC,0.3% (24h),,
2026-05-30 00:31:28,"$73,243.69",$1.46T,$34.36B,20.03M BTC,0.04% (24h),,
2026-05-30 03:30:05,"$73,461.60",$1.47T,$34.22B,20.03M BTC,0.27% (24h),,
2026-05-30 05:32:14,"$73,463.04",$1.47T,$32.05B,20.03M BTC,0.4% (24h),,
2026-05-30 07:05:39,"$73,539.90",$1.47T,$31.34B,20.03M BTC,0.01% (24h),,
2026-05-30 08:15:57,"$73,507.05",$1.47T,$30.97B,20.03M BTC,0.32% (24h),,
2026-05-30 10:11:25,"$73,850.27",$1.47T,$29.33B,20.03M BTC,1.37% (24h),,
2026-05-30 11:37:29,"$73,796.90",$1.47T,$27.31B,20.03M BTC,0.34% (24h),,
2026-05-30 12:42:33,"$73,858.08",$1.47T,$25.28B,20.03M BTC,0.15% (24h),,
2026-05-30 13:52:51,"$73,904.55",$1.48T,$22.13B,20.03M BTC,0.06% (24h),,
2026-05-30 15:25:17,"$73,899.87",$1.48T,$20.62B,20.03M BTC,0.91% (24h),,
2026-05-30 16:34:41,"$73,839.60",$1.47T,$20.14B,20.03M BTC,0.27% (24h),,
2026-05-30 17:40:58,"$73,881.10",$1.48T,$19.94B,20.03M BTC,0.5% (24h),,
2026-05-30 18:40:46,"$73,703.95",$1.47T,$19.71B,20.03M BTC,0.46% (24h),,
2026-05-30 19:43:53,"$73,699.83",$1.47T,$19.59B,20.03M BTC,0.56% (24h),,
2026-05-30 21:57:00,"$73,945.26",$1.48T,$19.62B,20.03M BTC,0.53% (24h),,
2026-05-31 02:25:25,"$73,918.46",$1.48T,$17.23B,20.03M BTC,0.54% (24h),,
2026-05-31 05:34:49,"$73,857.87",$1.47T,$17.37B,20.03M BTC,0.54% (24h),,
2026-05-31 07:20:57,"$73,799.84",$1.47T,$17.49B,20.03M BTC,0.42% (24h),,
2026-05-31 08:56:11,"$73,782.50",$1.47T,$17.39B,20.03M BTC,0.31% (24h),,
2026-05-31 10:50:42,"$73,565.13",$1.47T,$16.95B,20.03M BTC,0.44% (24h),,
2026-05-31 11:59:49,"$73,546.50",$1.47T,$16.75B,20.03M BTC,0.35% (24h),,
2026-05-31 13:19:41,"$73,454.35",$1.47T,$16.67B,20.03M BTC,0.47% (24h),,
2026-05-31 14:40:12,"$73,556.43",$1.47T,$16.59B,20.03M BTC,0.51% (24h),,
2026-05-31 15:55:04,"$73,442.58",$1.47T,$16.6B,20.03M BTC,0.65% (24h),,
2026-05-31 17:05:38,"$73,626.71",$1.47T,$16.75B,20.03M BTC,0.33% (24h),,
2026-05-31 18:13:30,"$73,741.27",$1.47T,$17.06B,20.03M BTC,0.06% (24h),,
2026-05-31 19:35:26,"$73,590.76",$1.47T,$17.41B,20.03M BTC,0.16% (24h),,
2026-05-31 22:00:04,"$73,186.64",$1.46T,$17.75B,20.03M BTC,1.02% (24h),,
2026-06-01 03:14:04,"$73,042.06",$1.46T,$20.52B,20.03M BTC,1.13% (24h),,
2026-06-01 09:04:38,"$71,967.07",$1.44T,$27.49B,20.03M BTC,2.5% (24h),,
2026-06-01 14:49:48,"$71,369.83",$1.43T,$41.22B,20.03M BTC,2.9% (24h),,
2026-06-01 17:56:49,"$70,926.17",$1.42T,$42.65B,20.03M BTC,3.85% (24h),,
2026-06-01 19:39:20,"$71,443.90",$1.43T,$43.23B,20.03M BTC,2.74% (24h),,
2026-06-01 22:04:02,"$70,576.60",$1.41T,$44.48B,20.03M BTC,3.6% (24h),,
2026-06-02 02:55:56,"$69,999.68",$1.4T,$47.27B,20.03M BTC,4.15% (24h),,
2026-06-02 07:22:11,"$69,359.62",$1.38T,$47.48B,20.03M BTC,4.46% (24h),,
2026-06-02 11:43:53,"$67,205.76",$1.34T,$48.08B,20.03M BTC,5.59% (24h),,
2026-06-02 15:32:46,"$66,689.21",$1.33T,$48.25B,20.03M BTC,6.77% (24h),,
2026-06-02 18:11:33,"$67,217.48",$1.34T,$51.91B,20.03M BTC,5.18% (24h),,
2026-06-02 20:03:28,"$66,687.48",$1.33T,$55.2B,20.03M BTC,6.4% (24h),,
2026-06-03 01:14:37,"$67,085.12",$1.34T,$58.38B,20.03M BTC,5.06% (24h),,
2026-06-03 06:13:12,"$67,154.97",$1.34T,$58.09B,20.03M BTC,3.55% (24h),,
2026-06-03 11:09:09,"$66,461.04",$1.33T,$52.13B,20.03M BTC,2.13% (24h),,
2026-06-03 15:00:00,"$65,957.32",$1.32T,$50.39B,20.03M BTC,1.89% (24h),,
2026-06-03 17:58:40,"$65,640.89",$1.31T,$49.53B,20.03M BTC,2.81% (24h),,
2026-06-03 19:54:21,"$64,074.49",$1.28T,$47.54B,20.03M BTC,3.84% (24h),,
2026-06-04 00:29:32,"$64,558.31",$1.29T,$59.66B,20.03M BTC,2.92% (24h),,
2026-06-04 04:40:45,"$63,491.81",$1.27T,$58.55B,20.03M BTC,5.11% (24h),,
2026-06-04 07:41:14,"$62,191.38",$1.24T,$63.66B,20.03M BTC,7.23% (24h),,
2026-06-04 10:18:51,"$64,186.17",$1.28T,$67.51B,20.03M BTC,3.84% (24h),,
2026-06-04 13:27:07,"$63,164.36",$1.26T,$65.35B,20.03M BTC,4.04% (24h),,
2026-06-04 15:38:40,"$63,693.79",$1.27T,$67.03B,20.03M BTC,3.06% (24h),,
2026-06-04 17:18:49,"$63,614.77",$1.27T,$64.36B,20.03M BTC,2.75% (24h),,
2026-06-04 18:50:54,"$63,538.46",$1.27T,$65.15B,20.03M BTC,2.01% (24h),,
2026-06-04 19:59:55,"$63,813.94",$1.27T,$63.86B,20.03M BTC,0.32% (24h),,
2026-06-05 00:42:44,"$62,977.86",$1.26T,$50.84B,20.03M BTC,1.98% (24h),,
2026-06-05 04:36:44,"$62,650.56",$1.25T,$55.17B,20.03M BTC,1.3% (24h),,
2026-06-05 07:48:08,"$62,124.94",$1.24T,$50.6B,20.03M BTC,0.29% (24h),,
2026-06-05 10:14:05,"$60,809.97",$1.21T,$51.81B,20.03M BTC,5.49% (24h),,
2026-06-05 12:45:07,"$60,807.89",$1.21T,$61.3B,20.03M BTC,4.57% (24h),,
2026-06-05 14:33:41,"$60,129.44",$1.2T,$62.5B,20.03M BTC,5.7% (24h),,
2026-06-05 16:33:13,"$61,107.00",$1.22T,$67.21B,20.03M BTC,3.68% (24h),,
2026-06-05 18:06:37,"$61,304.58",$1.22T,$69.17B,20.03M BTC,3.09% (24h),,
2026-06-05 19:37:25,"$60,838.14",$1.21T,$71.52B,20.03M BTC,4.37% (24h),,
2026-06-05 21:33:40,"$61,215.52",$1.22T,$71.86B,20.03M BTC,3.38% (24h),,
2026-06-06 01:40:14,"$60,802.16",$1.21T,$72.46B,20.03M BTC,3.64% (24h),,
2026-06-06 04:14:36,"$61,103.51",$1.22T,$64.95B,20.03M BTC,2.56% (24h),,
2026-06-06 06:26:30,"$60,605.15",$1.21T,$63.18B,20.03M BTC,3.11% (24h),,
2026-06-06 07:56:59,"$60,846.43",$1.21T,$64.46B,20.03M BTC,1.86% (24h),,
2026-06-06 09:56:24,"$60,760.13",$1.21T,$61.13B,20.03M BTC,0.49% (24h),,
2026-06-06 11:20:43,"$60,444.56",$1.21T,$54.68B,20.03M BTC,0.58% (24h),,
2026-06-06 12:38:28,"$60,540.42",$1.21T,$47.74B,20.03M BTC,0.59% (24h),,
2026-06-06 13:49:24,"$60,602.58",$1.21T,$45.49B,20.03M BTC,0.18% (24h),,
2026-06-06 14:59:22,"$60,632.95",$1.21T,$42.45B,20.03M BTC,2.22% (24h),,
2026-06-06 16:18:47,"$60,606.07",$1.21T,$38.43B,20.03M BTC,0.28% (24h),,
2026-06-06 17:34:00,"$60,915.53",$1.22T,$35.45B,20.03M BTC,0.95% (24h),,
2026-06-06 18:44:34,"$60,535.23",$1.21T,$33.84B,20.03M BTC,1.99% (24h),,
2026-06-06 19:50:28,"$60,829.60",$1.21T,$31.63B,20.03M BTC,0.04% (24h),,
2026-06-06 22:05:53,"$61,495.00",$1.23T,$31.5B,20.03M BTC,0.87% (24h),,
2026-06-07 02:43:02,"$62,159.00",$1.24T,$26.58B,20.03M BTC,2.03% (24h),,
2026-06-07 05:54:21,"$62,577.68",$1.25T,$29.57B,20.03M BTC,2.73% (24h),,
2026-06-07 07:53:01,"$62,575.62",$1.25T,$28.43B,20.03M BTC,2.77% (24h),,
2026-06-07 10:04:48,"$61,748.29",$1.23T,$30.55B,20.03M BTC,1.41% (24h),,
2026-06-07 11:43:31,"$62,092.34",$1.24T,$30.86B,20.03M BTC,2.1% (24h),,
2026-06-07 13:00:42,"$62,039.50",$1.24T,$30.65B,20.03M BTC,2.12% (24h),,
2026-06-07 14:15:51,"$62,232.08",$1.24T,$30.4B,20.03M BTC,2.91% (24h),,
2026-06-07 15:51:50,"$61,319.94",$1.22T,$30.17B,20.03M BTC,1.18% (24h),,
2026-06-07 17:01:22,"$61,876.70",$1.23T,$31.27B,20.03M BTC,1.95% (24h),,
2026-06-07 18:15:33,"$64,084.68",$1.28T,$30.6B,20.03M BTC,5.75% (24h),,
2026-06-07 19:34:02,"$63,242.35",$1.26T,$35.43B,20.03M BTC,4.25% (24h),,
2026-06-07 22:00:16,"$63,194.63",$1.26T,$36.68B,20.03M BTC,2.82% (24h),,
2026-06-08 02:57:54,"$62,922.84",$1.26T,$35.34B,20.03M BTC,1.4% (24h),,
2026-06-08 08:05:25,"$62,950.75",$1.26T,$34.62B,20.03M BTC,0.55% (24h),,
2026-06-08 12:18:05,"$63,863.38",$1.27T,$38.2B,20.03M BTC,2.74% (24h),,
2026-06-08 14:40:39,"$63,428.71",$1.27T,$38.52B,20.03M BTC,2% (24h),,
2026-06-08 17:08:47,"$63,687.44",$1.27T,$38.46B,20.03M BTC,3.14% (24h),,
2026-06-08 18:50:38,"$63,320.80",$1.26T,$35.08B,20.03M BTC,0.24% (24h),,
2026-06-08 19:56:37,"$63,040.91",$1.26T,$34.07B,20.03M BTC,0.24% (24h),,
2026-06-09 03:58:38,"$63,156.54",$1.26T,$33.98B,20.03M BTC,0.18% (24h),,
2026-06-09 07:26:55,"$62,547.36",$1.25T,$33.88B,20.03M BTC,1.61% (24h),,
2026-06-09 10:02:02,"$62,341.42",$1.24T,$31.27B,20.03M BTC,2.14% (24h),,
2026-06-09 12:46:29,"$61,241.02",$1.22T,$34.05B,20.03M BTC,3.76% (24h),,
2026-06-09 15:04:50,"$61,800.15",$1.23T,$38.82B,20.03M BTC,2.72% (24h),,
2026-06-09 17:08:17,"$62,069.42",$1.24T,$39.19B,20.03M BTC,2.55% (24h),,
2026-06-09 18:49:15,"$61,787.19",$1.23T,$39.66B,20.03M BTC,2.3% (24h),,
2026-06-09 20:04:02,"$61,789.66",$1.23T,$40.14B,20.03M BTC,2.04% (24h),,
2026-06-10 00:46:14,"$61,183.98",$1.22T,$37.33B,20.03M BTC,3.23% (24h),,
2026-06-10 04:40:54,"$61,286.54",$1.22T,$35.88B,20.03M BTC,2.61% (24h),,
2026-06-10 08:01:50,"$60,934.07",$1.22T,$36.59B,20.03M BTC,2.76% (24h),,
2026-06-10 12:06:26,"$62,416.82",$1.25T,$34.97B,20.03M BTC,2.41% (24h),,
2026-06-10 14:41:50,"$61,738.13",$1.23T,$29.03B,20.03M BTC,0.08% (24h),,
2026-06-10 17:16:26,"$61,581.13",$1.23T,$27.54B,20.04M BTC,0.78% (24h),,
2026-06-10 19:01:12,"$61,280.83",$1.22T,$27.58B,20.04M BTC,0.7% (24h),,
2026-06-10 20:27:07,"$61,803.41",$1.23T,$27.44B,20.04M BTC,0.12% (24h),,
2026-06-11 01:12:20,"$62,522.02",$1.25T,$28.66B,20.04M BTC,2.28% (24h),,
2026-06-11 05:48:15,"$62,832.55",$1.25T,$28.13B,20.04M BTC,2.78% (24h),,
2026-06-11 09:47:10,"$62,966.21",$1.26T,$28.8B,20.04M BTC,1.19% (24h),,
2026-06-11 13:30:20,"$63,034.59",$1.26T,$27.61B,20.04M BTC,1.9% (24h),,
2026-06-11 16:00:53,"$63,506.71",$1.27T,$30.03B,20.04M BTC,2.58% (24h),,
2026-06-11 18:10:42,"$63,553.01",$1.27T,$30.07B,20.04M BTC,3.81% (24h),,
2026-06-11 19:54:50,"$63,551.81",$1.27T,$29.22B,20.04M BTC,3.31% (24h),,
2026-06-12 00:25:24,"$63,639.69",$1.27T,$28.6B,20.04M BTC,1.72% (24h),,
2026-06-12 04:47:37,"$63,348.19",$1.26T,$29.46B,20.04M BTC,0.83% (24h),,
2026-06-12 08:09:34,"$63,600.77",$1.27T,$29.4B,20.04M BTC,0.99% (24h),,
2026-06-12 11:40:49,"$63,874.92",$1.28T,$29.4B,20.04M BTC,1.74% (24h),,
2026-06-12 13:55:16,"$63,809.59",$1.27T,$28.56B,20.04M BTC,0.66% (24h),,
2026-06-12 18:03:42,"$63,468.56",$1.27T,$26.54B,20.04M BTC,0.04% (24h),,
2026-06-12 19:48:17,"$63,487.79",$1.27T,$27.01B,20.04M BTC,0.13% (24h),,
2026-06-12 21:56:38,"$63,767.72",$1.27T,$25.87B,20.04M BTC,0.65% (24h),,
2026-06-13 02:22:39,"$63,577.74",$1.27T,$24.75B,20.04M BTC,0.78% (24h),,
2026-06-13 05:44:43,"$63,767.00",$1.27T,$22.43B,20.04M BTC,0.05% (24h),,
2026-06-13 07:45:06,"$63,872.71",$1.28T,$21.65B,20.04M BTC,0.23% (24h),,
2026-06-13 09:16:12,"$64,106.86",$1.28T,$21.45B,20.04M BTC,1.12% (24h),,
2026-06-13 11:15:52,"$64,248.75",$1.28T,$17.9B,20.04M BTC,0.08% (24h),,
2026-06-13 12:53:29,"$63,907.75",$1.28T,$17.45B,20.04M BTC,0% (24h),,
2026-06-13 14:13:48,"$64,027.73",$1.28T,$17.37B,20.04M BTC,0.22% (24h),,
2026-06-13 15:58:30,"$64,284.36",$1.28T,$16.96B,20.04M BTC,1.11% (24h),,
2026-06-13 17:24:20,"$64,207.65",$1.28T,$15.91B,20.04M BTC,1.06% (24h),,
2026-06-13 18:39:35,"$64,474.13",$1.29T,$16.39B,20.04M BTC,1.54% (24h),,
2026-06-13 19:47:38,"$64,409.73",$1.29T,$16.94B,20.04M BTC,1.44% (24h),,
2026-06-13 22:06:13,"$64,565.87",$1.29T,$17.34B,20.04M BTC,1.27% (24h),,
2026-06-14 02:57:28,"$64,247.37",$1.28T,$17.84B,20.04M BTC,0.89% (24h),,
2026-06-14 06:29:45,"$64,559.79",$1.29T,$17.56B,20.04M BTC,1.28% (24h),,
2026-06-14 08:26:36,"$64,458.57",$1.29T,$16.76B,20.04M BTC,0.86% (24h),,
2026-06-14 10:43:59,"$63,867.26",$1.28T,$16.75B,20.04M BTC,0.41% (24h),,
2026-06-14 12:15:08,"$64,075.92",$1.28T,$16.63B,20.04M BTC,0.07% (24h),,
2026-06-14 13:54:32,"$63,735.13",$1.27T,$16.18B,20.04M BTC,0.36% (24h),,
2026-06-14 15:43:32,"$63,715.04",$1.27T,$16.1B,20.04M BTC,0.81% (24h),,
2026-06-14 16:55:16,"$64,005.88",$1.28T,$15.99B,20.04M BTC,0.35% (24h),,
2026-06-14 18:18:03,"$64,970.90",$1.3T,$19.53B,20.04M BTC,0.93% (24h),,
2026-06-14 19:41:44,"$65,579.33",$1.31T,$21.35B,20.04M BTC,1.76% (24h),,
2026-06-14 22:08:38,"$65,575.26",$1.31T,$22.76B,20.04M BTC,1.54% (24h),,
2026-06-15 03:38:33,"$65,701.86",$1.31T,$24.52B,20.04M BTC,2.18% (24h),,
2026-06-15 09:40:31,"$66,478.91",$1.33T,$31.07B,20.04M BTC,3.46% (24h),,
2026-06-15 14:18:19,"$66,814.68",$1.33T,$36.44B,20.04M BTC,4.94% (24h),,
2026-06-15 17:28:43,"$66,402.74",$1.33T,$37.62B,20.04M BTC,2.57% (24h),,
2026-06-15 19:21:33,"$66,156.63",$1.32T,$33.27B,20.04M BTC,1.01% (24h),,
2026-06-15 22:06:10,"$66,295.24",$1.32T,$31.23B,20.04M BTC,1.14% (24h),,
2026-06-16 03:42:10,"$66,319.76",$1.32T,$31.44B,20.04M BTC,0.94% (24h),,
2026-06-16 08:33:50,"$66,651.58",$1.33T,$30.19B,20.04M BTC,0.69% (24h),,
2026-06-16 13:38:56,"$65,680.36",$1.31T,$26.4B,20.04M BTC,1.7% (24h),,
2026-06-16 16:33:22,"$65,688.68",$1.31T,$25.9B,20.04M BTC,1.31% (24h),,
2026-06-16 18:35:38,"$65,643.89",$1.31T,$25.78B,20.04M BTC,0.88% (24h),,
2026-06-16 20:04:48,"$65,654.09",$1.31T,$24.97B,20.04M BTC,0.88% (24h),,
2026-06-17 01:15:02,"$65,730.10",$1.31T,$24.34B,20.04M BTC,0.42% (24h),,
2026-06-17 06:11:15,"$64,795.76",$1.29T,$24.68B,20.04M BTC,2.6% (24h),,
2026-06-17 10:03:17,"$65,146.63",$1.3T,$24.59B,20.04M BTC,1.46% (24h),,
2026-06-17 13:22:29,"$65,884.13",$1.32T,$25.57B,20.04M BTC,0.28% (24h),,
2026-06-17 15:37:44,"$64,464.79",$1.29T,$28.58B,20.04M BTC,1.71% (24h),,
2026-06-17 17:34:59,"$64,259.07",$1.28T,$30.49B,20.04M BTC,2.13% (24h),,
2026-06-17 19:07:56,"$64,215.60",$1.28T,$31.23B,20.04M BTC,2.28% (24h),,
2026-06-17 21:41:22,"$64,552.94",$1.29T,$31.25B,20.04M BTC,1.69% (24h),,
2026-06-18 02:30:27,"$63,907.74",$1.28T,$32.58B,20.04M BTC,2.57% (24h),,
2026-06-18 06:58:26,"$64,087.89",$1.28T,$31.7B,20.04M BTC,1% (24h),,
2026-06-18 10:17:38,"$63,857.27",$1.27T,$32.13B,20.04M BTC,2.31% (24h),,
2026-06-18 13:36:27,"$62,589.27",$1.25T,$34.89B,20.04M BTC,5.01% (24h),,
2026-06-18 15:56:21,"$62,895.70",$1.26T,$30.84B,20.04M BTC,1.99% (24h),,
2026-06-18 18:17:44,"$62,818.26",$1.25T,$30.73B,20.04M BTC,2.01% (24h),,
2026-06-18 20:03:04,"$62,831.73",$1.25T,$30.43B,20.04M BTC,2.58% (24h),,
2026-06-19 01:23:13,"$62,519.90",$1.25T,$29.51B,20.04M BTC,2.13% (24h),,
2026-06-19 06:03:05,"$62,340.68",$1.24T,$29.56B,20.04M BTC,2.77% (24h),,
2026-06-19 09:49:17,"$63,211.87",$1.26T,$28.99B,20.04M BTC,1.02% (24h),,
2026-06-19 12:26:32,"$63,274.05",$1.26T,$25.11B,20.04M BTC,1.08% (24h),,
2026-06-19 14:19:16,"$63,095.31",$1.26T,$24.52B,20.04M BTC,0.63% (24h),,
2026-06-19 16:10:13,"$63,013.72",$1.26T,$23.37B,20.04M BTC,0.03% (24h),,
2026-06-19 17:35:22,"$63,071.79",$1.26T,$22.57B,20.04M BTC,0.25% (24h),,
2026-06-19 18:37:36,"$63,199.33",$1.26T,$22.26B,20.04M BTC,0.76% (24h),,
2026-06-19 19:47:24,"$63,246.95",$1.26T,$22.32B,20.04M BTC,0.67% (24h),,
2026-06-19 21:56:37,"$63,524.03",$1.27T,$21.69B,20.04M BTC,0.92% (24h),,
2026-06-20 02:27:32,"$63,622.39",$1.27T,$20.99B,20.04M BTC,1.34% (24h),,
2026-06-20 05:51:04,"$63,614.19",$1.27T,$20.33B,20.04M BTC,2.07% (24h),,
2026-06-20 07:51:01,"$63,708.29",$1.27T,$19.17B,20.04M BTC,1.74% (24h),,
2026-06-20 09:22:57,"$63,406.98",$1.27T,$18B,20.04M BTC,1.22% (24h),,
2026-06-20 11:23:26,"$64,168.67",$1.28T,$18.53B,20.04M BTC,1.84% (24h),,
2026-06-20 13:05:02,"$63,905.80",$1.28T,$18.3B,20.04M BTC,1.64% (24h),,
2026-06-20 14:45:19,"$63,748.78",$1.27T,$17.81B,20.04M BTC,1.18% (24h),,
2026-06-20 16:09:14,"$63,901.37",$1.28T,$17.48B,20.04M BTC,1.4% (24h),,
2026-06-20 17:40:55,"$63,885.37",$1.28T,$17.45B,20.04M BTC,1.31% (24h),,
2026-06-20 18:50:40,"$64,205.76",$1.28T,$17.03B,20.04M BTC,1.42% (24h),,
2026-06-20 19:58:52,"$64,243.50",$1.28T,$17.48B,20.04M BTC,1.11% (24h),,
2026-06-21 01:10:44,"$64,187.21",$1.28T,$17.26B,20.04M BTC,0.87% (24h),,
2026-06-21 05:03:47,"$63,893.09",$1.28T,$16.06B,20.04M BTC,0.78% (24h),,
2026-06-21 07:53:45,"$64,062.08",$1.28T,$16.79B,20.04M BTC,0.62% (24h),,
2026-06-21 10:21:38,"$63,957.81",$1.28T,$15.84B,20.04M BTC,1.12% (24h),,
2026-06-21 12:15:10,"$64,061.35",$1.28T,$14.62B,20.04M BTC,0.2% (24h),,
2026-06-21 13:59:14,"$64,095.32",$1.28T,$13.89B,20.04M BTC,0.48% (24h),,
2026-06-21 15:57:39,"$64,140.84",$1.28T,$14.2B,20.04M BTC,0.44% (24h),,
2026-06-21 17:23:31,"$63,693.17",$1.27T,$14.33B,20.04M BTC,0.27% (24h),,
2026-06-21 18:45:32,"$63,606.26",$1.27T,$15.49B,20.04M BTC,0.91% (24h),,
2026-06-21 20:01:25,"$63,315.66",$1.26T,$16.02B,20.04M BTC,1.44% (24h),,
2026-06-22 01:25:15,"$64,163.91",$1.28T,$18.85B,20.04M BTC,0.06% (24h),,
2026-06-22 07:16:02,"$64,227.52",$1.28T,$19.96B,20.04M BTC,0.18% (24h),,
2026-06-22 12:04:40,"$64,645.32",$1.29T,$25.54B,20.04M BTC,0.75% (24h),,
2026-06-22 17:53:02,"$64,161.58",$1.28T,$27.03B,20.04M BTC,0.62% (24h),,
2026-06-22 19:25:06,"$63,921.16",$1.28T,$27.17B,20.04M BTC,0.32% (24h),,
2026-06-22 21:33:24,"$64,159.57",$1.28T,$25.68B,20.04M BTC,0.59% (24h),,
2026-06-23 01:51:50,"$63,352.29",$1.27T,$24.2B,20.04M BTC,1.19% (24h),,
2026-06-23 05:52:18,"$62,314.48",$1.24T,$30.94B,20.04M BTC,2.7% (24h),,
2026-06-23 08:37:49,"$62,307.34",$1.24T,$30.38B,20.04M BTC,4% (24h),,
2026-06-23 11:39:48,"$62,287.22",$1.24T,$30.26B,20.04M BTC,4.1% (24h),,
2026-06-23 13:31:04,"$62,538.71",$1.25T,$30.06B,20.04M BTC,2.82% (24h),,
2026-06-23 15:30:57,"$62,375.29",$1.25T,$29.79B,20.04M BTC,2.97% (24h),,
2026-06-23 17:18:05,"$62,417.05",$1.25T,$30.15B,20.04M BTC,2.94% (24h),,
2026-06-23 18:43:03,"$62,484.04",$1.25T,$29.86B,20.04M BTC,2.16% (24h),,
2026-06-23 19:44:38,"$62,539.78",$1.25T,$29.12B,20.04M BTC,2.15% (24h),,
2026-06-23 21:49:40,"$62,903.25",$1.26T,$29.76B,20.04M BTC,1.54% (24h),,
2026-06-24 01:54:49,"$62,801.50",$1.25T,$30.98B,20.04M BTC,0.86% (24h),,
2026-06-24 05:39:44,"$62,606.31",$1.25T,$24.17B,20.04M BTC,0.32% (24h),,
2026-06-24 08:10:18,"$62,806.19",$1.25T,$24.48B,20.04M BTC,0.63% (24h),,
2026-06-24 11:09:19,"$60,785.42",$1.21T,$26.69B,20.04M BTC,2.39% (24h),,
2026-06-24 13:19:04,"$59,568.58",$1.19T,$33.42B,20.04M BTC,4.59% (24h),,
2026-06-24 15:05:39,"$59,597.32",$1.19T,$37.88B,20.04M BTC,4.29% (24h),,
2026-06-24 16:56:01,"$60,852.09",$1.21T,$41.24B,20.04M BTC,2.36% (24h),,
2026-06-24 18:26:32,"$60,828.77",$1.21T,$42.25B,20.04M BTC,2.69% (24h),,
2026-06-24 19:45:37,"$60,939.95",$1.22T,$42.61B,20.04M BTC,2.55% (24h),,
2026-06-24 21:53:30,"$60,859.07",$1.22T,$42.52B,20.04M BTC,3.24% (24h),,
2026-06-25 02:13:24,"$61,636.17",$1.23T,$40.87B,20.04M BTC,1.82% (24h),,
2026-06-25 05:48:36,"$61,660.68",$1.23T,$44.54B,20.04M BTC,1.49% (24h),,
2026-06-25 08:11:26,"$61,149.43",$1.22T,$44.4B,20.04M BTC,2.57% (24h),,
2026-06-25 11:15:40,"$58,819.98",$1.17T,$49.58B,20.04M BTC,3.33% (24h),,
2026-06-25 13:30:06,"$59,470.70",$1.19T,$45.62B,20.04M BTC,0.24% (24h),,
2026-06-25 15:28:23,"$59,219.83",$1.18T,$42.78B,20.04M BTC,0.86% (24h),,
2026-06-25 17:15:32,"$59,522.72",$1.19T,$40.72B,20.04M BTC,1.85% (24h),,
2026-06-25 18:52:38,"$59,704.90",$1.19T,$40.51B,20.04M BTC,1.72% (24h),,
2026-06-25 20:15:14,"$59,791.41",$1.19T,$40.29B,20.04M BTC,1.98% (24h),,
2026-06-26 00:46:00,"$59,874.63",$1.2T,$44.58B,20.04M BTC,1.66% (24h),,
2026-06-26 04:29:50,"$60,206.32",$1.2T,$46.81B,20.04M BTC,2.4% (24h),,
2026-06-26 07:26:11,"$59,397.50",$1.19T,$47.82B,20.04M BTC,2.98% (24h),,
2026-06-26 09:31:38,"$58,854.11",$1.17T,$49.38B,20.04M BTC,3.66% (24h),,
2026-06-26 11:57:37,"$60,226.97",$1.2T,$40.95B,20.04M BTC,1.19% (24h),,
2026-06-26 13:57:59,"$59,891.92",$1.2T,$40.08B,20.04M BTC,0.73% (24h),,
2026-06-26 16:02:13,"$59,761.02",$1.19T,$41.47B,20.04M BTC,0.34% (24h),,
2026-06-26 17:41:01,"$59,839.38",$1.19T,$41.94B,20.04M BTC,0.03% (24h),,
2026-06-26 18:51:30,"$59,949.09",$1.2T,$41.52B,20.04M BTC,0.38% (24h),,
2026-06-26 19:55:29,"$59,990.48",$1.2T,$41.3B,20.04M BTC,0.43% (24h),,
2026-06-26 23:53:46,"$60,192.72",$1.2T,$37.05B,20.04M BTC,0.8% (24h),,
2026-06-27 02:57:40,"$60,270.35",$1.2T,$33.81B,20.04M BTC,0.14% (24h),,
2026-06-27 05:33:03,"$60,319.98",$1.2T,$30.96B,20.04M BTC,0.49% (24h),,
2026-06-27 07:15:14,"$60,306.76",$1.2T,$28.6B,20.04M BTC,1.52% (24h),,
2026-06-27 08:47:37,"$60,225.97",$1.2T,$27.07B,20.04M BTC,1.45% (24h),,
2026-06-27 10:20:31,"$60,539.56",$1.21T,$23.19B,20.04M BTC,1.33% (24h),,
2026-06-27 11:45:41,"$60,673.07",$1.21T,$20.99B,20.04M BTC,0.53% (24h),,
2026-06-27 12:51:35,"$60,714.56",$1.21T,$19.43B,20.04M BTC,1.13% (24h),,
2026-06-27 13:56:25,"$60,507.21",$1.21T,$18.01B,20.04M BTC,0.99% (24h),,
2026-06-27 15:28:26,"$60,195.43",$1.2T,$15.93B,20.04M BTC,0.59% (24h),,
2026-06-27 16:40:38,"$60,181.79",$1.2T,$15.42B,20.04M BTC,1.01% (24h),,
2026-06-27 17:45:45,"$60,158.17",$1.2T,$15.31B,20.04M BTC,0.39% (24h),,
2026-06-27 18:47:30,"$60,071.73",$1.2T,$14.98B,20.04M BTC,0.38% (24h),,
2026-06-27 19:47:14,"$59,955.80",$1.2T,$15.63B,20.04M BTC,0.05% (24h),,
2026-06-27 21:58:05,"$60,141.80",$1.2T,$15.75B,20.04M BTC,0.47% (24h),,
2026-06-28 02:34:49,"$59,883.77",$1.2T,$14.98B,20.04M BTC,0.57% (24h),,
2026-06-28 05:47:24,"$60,280.64",$1.2T,$14.76B,20.04M BTC,0.09% (24h),,
2026-06-28 07:28:31,"$60,255.12",$1.2T,$14.86B,20.04M BTC,0.12% (24h),,
2026-06-28 09:01:48,"$60,103.71",$1.2T,$14.88B,20.04M BTC,0.36% (24h),,
2026-06-28 10:55:32,"$59,938.31",$1.2T,$14.99B,20.04M BTC,0.94% (24h),,
2026-06-28 12:16:45,"$59,753.43",$1.19T,$14.3B,20.04M BTC,1.46% (24h),,
2026-06-28 13:40:02,"$59,358.20",$1.19T,$15.27B,20.04M BTC,1.96% (24h),,
2026-06-28 14:51:49,"$59,443.55",$1.19T,$15.27B,20.04M BTC,1.64% (24h),,
2026-06-28 16:07:51,"$59,446.06",$1.19T,$15.14B,20.04M BTC,1.18% (24h),,
2026-06-28 17:20:04,"$59,600.27",$1.19T,$15.42B,20.04M BTC,1.13% (24h),,
2026-06-28 18:33:25,"$59,300.18",$1.18T,$15.86B,20.04M BTC,1.28% (24h),,
2026-06-28 19:46:52,"$59,674.27",$1.19T,$15.83B,20.04M BTC,0.49% (24h),,
2026-06-28 22:00:24,"$59,330.20",$1.18T,$17.12B,20.04M BTC,1.32% (24h),,
2026-06-29 03:04:16,"$59,872.04",$1.2T,$19.73B,20.04M BTC,0.31% (24h),,
2026-06-29 08:09:27,"$60,443.02",$1.21T,$22.81B,20.04M BTC,0.29% (24h),,
2026-06-29 12:10:50,"$59,676.31",$1.19T,$30.04B,20.04M BTC,0.13% (24h),,
2026-06-29 14:25:07,"$60,351.04",$1.21T,$31.39B,20.04M BTC,1.33% (24h),,
2026-06-29 16:27:36,"$60,310.92",$1.2T,$32.4B,20.04M BTC,1.18% (24h),,
2026-06-29 17:54:52,"$60,465.26",$1.21T,$31.89B,20.04M BTC,2% (24h),,
2026-06-29 19:03:37,"$60,284.80",$1.2T,$31.16B,20.04M BTC,1.84% (24h),,
2026-06-29 20:18:42,"$60,130.00",$1.2T,$30.55B,20.04M BTC,1.33% (24h),,
2026-06-30 00:40:28,"$59,508.97",$1.19T,$29.28B,20.05M BTC,0.4% (24h),,
2026-06-30 04:21:33,"$59,316.80",$1.18T,$30.99B,20.05M BTC,0.92% (24h),,
2026-06-30 07:26:19,"$59,165.46",$1.18T,$31.08B,20.05M BTC,1.16% (24h),,
2026-06-30 09:24:45,"$58,402.66",$1.17T,$31.66B,20.05M BTC,2.69% (24h),,
2026-06-30 12:11:42,"$58,457.08",$1.17T,$32.11B,20.05M BTC,2.01% (24h),,
2026-06-30 14:17:18,"$58,378.75",$1.17T,$31.95B,20.05M BTC,3.24% (24h),,
2026-06-30 16:24:50,"$58,638.13",$1.17T,$32.39B,20.05M BTC,2.81% (24h),,
2026-06-30 17:58:59,"$58,546.09",$1.17T,$32.66B,20.05M BTC,3.07% (24h),,
2026-06-30 19:22:26,"$58,511.00",$1.17T,$32.93B,20.05M BTC,2.8% (24h),,
2026-06-30 21:42:10,"$58,730.22",$1.17T,$34.17B,20.05M BTC,1.67% (24h),,
2026-07-01 02:13:34,"$58,843.08",$1.17T,$34.53B,20.05M BTC,1.02% (24h),,
2026-07-01 06:27:10,"$58,620.93",$1.17T,$34.1B,20.05M BTC,1.09% (24h),,
2026-07-01 09:19:32,"$58,610.10",$1.17T,$32.92B,20.05M BTC,0.23% (24h),,
2026-07-01 12:01:19,"$60,049.75",$1.2T,$35.71B,20.05M BTC,2.94% (24h),,
2026-07-01 14:08:03,"$60,053.35",$1.2T,$35.56B,20.05M BTC,2.93% (24h),,
2026-07-01 16:13:43,"$59,895.77",$1.2T,$35.39B,20.05M BTC,1.92% (24h),,
2026-07-01 17:54:29,"$60,757.86",$1.21T,$36.29B,20.05M BTC,3.77% (24h),,
2026-07-01 19:20:22,"$60,263.81",$1.2T,$37.89B,20.05M BTC,2.97% (24h),,
2026-07-01 21:38:47,"$60,085.06",$1.2T,$37.84B,20.05M BTC,2.86% (24h),,
2026-07-02 01:39:17,"$60,623.14",$1.21T,$39.15B,20.05M BTC,2.64% (24h),,
2026-07-02 04:34:01,"$60,312.55",$1.2T,$41.14B,20.05M BTC,3.03% (24h),,
2026-07-02 07:30:10,"$61,219.33",$1.22T,$44.09B,20.05M BTC,4.36% (24h),,
2026-07-02 11:36:56,"$61,683.25",$1.23T,$42.78B,20.05M BTC,2.48% (24h),,
2026-07-02 13:31:22,"$61,768.67",$1.23T,$43.72B,20.05M BTC,2.75% (24h),,
2026-07-02 15:02:05,"$61,660.16",$1.23T,$43.66B,20.05M BTC,2.53% (24h),,
2026-07-02 16:23:08,"$61,359.30",$1.23T,$43.42B,20.05M BTC,2.42% (24h),,
2026-07-02 17:46:37,"$61,457.50",$1.23T,$42.27B,20.05M BTC,1.17% (24h),,
2026-07-02 18:57:36,"$61,463.63",$1.23T,$40.35B,20.05M BTC,1.78% (24h),,
2026-07-02 19:56:54,"$61,504.34",$1.23T,$40.4B,20.05M BTC,2.48% (24h),,
2026-07-02 23:41:32,"$61,407.52",$1.23T,$38.82B,20.05M BTC,1.17% (24h),,
2026-07-03 02:52:28,"$61,597.83",$1.23T,$37.51B,20.05M BTC,2.28% (24h),,
2026-07-03 06:11:05,"$61,629.65",$1.23T,$34.09B,20.05M BTC,0.95% (24h),,
2026-07-03 08:32:19,"$61,883.31",$1.24T,$33.17B,20.05M BTC,0.96% (24h),,
2026-07-03 11:20:40,"$62,072.59",$1.24T,$27.81B,20.05M BTC,1.01% (24h),,
2026-07-03 12:40:08,"$61,992.12",$1.24T,$26.57B,20.05M BTC,1.14% (24h),,
2026-07-03 13:54:02,"$62,148.43",$1.24T,$25.61B,20.05M BTC,0.84% (24h),,
2026-07-03 15:36:33,"$62,137.28",$1.24T,$24.97B,20.05M BTC,0.92% (24h),,
2026-07-03 16:43:30,"$62,631.32",$1.25T,$25.35B,20.05M BTC,2.12% (24h),,
2026-07-03 17:51:32,"$62,614.88",$1.25T,$25.95B,20.05M BTC,1.9% (24h),,
2026-07-03 18:55:25,"$62,530.08",$1.25T,$26.15B,20.05M BTC,1.73% (24h),,
2026-07-03 20:10:19,"$62,844.12",$1.26T,$26.07B,20.05M BTC,2.44% (24h),,
2026-07-04 00:02:53,"$62,556.74",$1.25T,$24.83B,20.05M BTC,1.92% (24h),,
2026-07-04 03:13:35,"$62,444.34",$1.25T,$23.6B,20.05M BTC,1.31% (24h),,
2026-07-04 05:34:26,"$62,395.02",$1.25T,$23.16B,20.05M BTC,1.28% (24h),,
2026-07-04 07:11:35,"$62,465.31",$1.25T,$22.36B,20.05M BTC,0.8% (24h),,
2026-07-04 08:20:15,"$62,514.81",$1.25T,$21.79B,20.05M BTC,1% (24h),,
2026-07-04 10:06:13,"$62,567.09",$1.25T,$20.36B,20.05M BTC,1.02% (24h),,
2026-07-04 11:21:42,"$62,806.22",$1.25T,$19.47B,20.05M BTC,1.19% (24h),,
2026-07-04 12:31:25,"$62,854.34",$1.26T,$19.53B,20.05M BTC,1.31% (24h),,
2026-07-04 13:38:49,"$63,091.64",$1.26T,$19.31B,20.05M BTC,1.44% (24h),,
2026-07-04 14:42:00,"$63,077.89",$1.26T,$20.23B,20.05M BTC,1.47% (24h),,
2026-07-04 16:01:10,"$63,241.30",$1.26T,$20.16B,20.05M BTC,1.74% (24h),,
2026-07-04 17:12:18,"$63,219.35",$1.26T,$18.84B,20.05M BTC,0.74% (24h),,
2026-07-04 18:15:46,"$63,198.01",$1.26T,$17.69B,20.05M BTC,1.01% (24h),,
2026-07-04 19:26:30,"$63,025.66",$1.26T,$18.53B,20.05M BTC,0.76% (24h),,
2026-07-04 21:17:33,"$62,881.68",$1.26T,$17.34B,20.05M BTC,0.63% (24h),,
2026-07-05 01:13:32,"$62,706.50",$1.25T,$17.31B,20.05M BTC,0.29% (24h),,
2026-07-05 04:22:01,"$62,929.55",$1.26T,$17.6B,20.05M BTC,0.69% (24h),,
2026-07-05 06:40:00,"$62,633.74",$1.25T,$17.67B,20.05M BTC,0.34% (24h),,
2026-07-05 08:05:55,"$62,547.16",$1.25T,$17.48B,20.05M BTC,0.07% (24h),,
2026-07-05 10:07:35,"$62,683.62",$1.25T,$17.99B,20.05M BTC,0.18% (24h),,
2026-07-05 11:37:24,"$62,825.97",$1.25T,$17.3B,20.05M BTC,0.06% (24h),,
2026-07-05 12:43:31,"$62,567.60",$1.25T,$16.97B,20.05M BTC,0.46% (24h),,
2026-07-05 13:51:52,"$62,590.26",$1.25T,$16.58B,20.05M BTC,1.03% (24h),,
2026-07-05 15:25:27,"$62,731.91",$1.25T,$15.92B,20.05M BTC,0.83% (24h),,
2026-07-05 16:37:35,"$62,677.47",$1.25T,$15.67B,20.05M BTC,0.84% (24h),,
2026-07-05 17:41:02,"$62,885.72",$1.26T,$15.75B,20.05M BTC,0.67% (24h),,
2026-07-05 19:50:20,"$63,566.09",$1.27T,$18.32B,20.05M BTC,0.66% (24h),,
2026-07-05 21:32:24,"$63,740.49",$1.27T,$19.15B,20.05M BTC,1.46% (24h),,
2026-07-06 02:10:45,"$63,029.89",$1.26T,$20.28B,20.05M BTC,0.6% (24h),,
2026-07-06 07:05:26,"$62,812.35",$1.25T,$21.77B,20.05M BTC,0.27% (24h),,
2026-07-06 10:36:24,"$62,012.81",$1.24T,$29.85B,20.05M BTC,0.95% (24h),,
2026-07-06 13:27:38,"$63,884.52",$1.28T,$35.95B,20.05M BTC,1.91% (24h),,
2026-07-06 15:19:16,"$63,778.79",$1.27T,$36.78B,20.05M BTC,1.57% (24h),,
2026-07-06 17:08:04,"$63,840.94",$1.28T,$37.54B,20.05M BTC,2.03% (24h),,
2026-07-06 18:37:13,"$64,155.45",$1.28T,$37.96B,20.05M BTC,0.86% (24h),,
2026-07-06 19:44:32,"$64,028.19",$1.28T,$36.22B,20.05M BTC,0.59% (24h),,
2026-07-06 21:29:22,"$63,934.61",$1.28T,$35.9B,20.05M BTC,0.48% (24h),,
2026-07-07 01:48:48,"$63,132.07",$1.26T,$36.72B,20.05M BTC,0.16% (24h),,
2026-07-07 04:58:26,"$63,077.95",$1.26T,$37.81B,20.05M BTC,0.4% (24h),,
2026-07-07 08:06:22,"$63,516.82",$1.27T,$36.52B,20.05M BTC,2.65% (24h),,
2026-07-07 12:22:27,"$63,927.91",$1.28T,$32.04B,20.05M BTC,0.47% (24h),,
2026-07-07 13:29:55,"$64,094.81",$1.28T,$31.15B,20.05M BTC,0.34% (24h),,
2026-07-07 15:23:39,"$63,509.83",$1.27T,$32.23B,20.05M BTC,0.43% (24h),,
2026-07-07 17:08:41,"$63,751.44",$1.27T,$32.42B,20.05M BTC,0.14% (24h),,
2026-07-07 18:31:14,"$63,392.21",$1.27T,$31.2B,20.05M BTC,1.23% (24h),,
2026-07-07 19:33:16,"$63,529.43",$1.27T,$31.28B,20.05M BTC,0.89% (24h),,
2026-07-07 21:10:27,"$63,499.33",$1.27T,$31.04B,20.05M BTC,0.67% (24h),,
2026-07-08 00:33:35,"$62,809.77",$1.25T,$31.18B,20.05M BTC,0.61% (24h),,
2026-07-08 03:14:45,"$62,689.55",$1.25T,$30.06B,20.05M BTC,1.03% (24h),,
2026-07-08 05:42:25,"$62,047.54",$1.24T,$32.69B,20.05M BTC,1.78% (24h),,
2026-07-08 07:33:20,"$62,041.37",$1.24T,$33.07B,20.05M BTC,1.66% (24h),,
2026-07-08 09:15:59,"$61,855.31",$1.24T,$32.48B,20.05M BTC,2.25% (24h),,
2026-07-08 11:39:24,"$61,659.64",$1.23T,$30.92B,20.05M BTC,3.4% (24h),,
2026-07-08 13:08:50,"$62,074.19",$1.24T,$29.22B,20.05M BTC,3.08% (24h),,
2026-07-08 14:44:34,"$62,033.54",$1.24T,$28.93B,20.05M BTC,3.05% (24h),,
2026-07-08 16:14:21,"$62,195.06",$1.24T,$27.95B,20.05M BTC,2.35% (24h),,
2026-07-08 17:36:02,"$62,023.35",$1.24T,$27.91B,20.05M BTC,2.22% (24h),,
2026-07-08 18:42:46,"$62,263.79",$1.24T,$27.88B,20.05M BTC,2.06% (24h),,
2026-07-08 19:55:04,"$62,256.73",$1.24T,$27.93B,20.05M BTC,1.71% (24h),,
2026-07-08 23:42:58,"$61,872.77",$1.24T,$25.32B,20.05M BTC,1.63% (24h),,
2026-07-09 03:26:52,"$62,802.83",$1.25T,$27.18B,20.05M BTC,0.05% (24h),,
2026-07-09 06:39:40,"$62,857.60",$1.26T,$26.31B,20.05M BTC,1.28% (24h),,
2026-07-09 10:41:50,"$62,895.26",$1.26T,$26.96B,20.05M BTC,1.62% (24h),,
2026-07-09 12:16:20,"$62,828.97",$1.25T,$26.27B,20.05M BTC,1.75% (24h),,
2026-07-09 14:15:07,"$63,340.50",$1.27T,$26.38B,20.05M BTC,1.77% (24h),,
2026-07-09 16:12:24,"$63,178.17",$1.26T,$26.95B,20.05M BTC,1.63% (24h),,
2026-07-09 17:52:35,"$63,190.35",$1.26T,$26.23B,20.05M BTC,1.8% (24h),,
2026-07-09 19:17:43,"$63,075.54",$1.26T,$26.06B,20.05M BTC,1.3% (24h),,
2026-07-09 21:04:25,"$62,931.90",$1.26T,$26.3B,20.05M BTC,1.3% (24h),,
2026-07-10 01:06:55,"$63,966.46",$1.28T,$27.19B,20.05M BTC,2.6% (24h),,
2026-07-10 04:39:06,"$64,149.83",$1.28T,$28.04B,20.05M BTC,1.85% (24h),,
2026-07-10 07:34:16,"$64,324.98",$1.28T,$27.21B,20.05M BTC,2.73% (24h),,
2026-07-10 09:34:28,"$64,199.80",$1.28T,$25.26B,20.05M BTC,2.58% (24h),,
2026-07-10 12:04:39,"$63,927.42",$1.28T,$26.57B,20.05M BTC,1.67% (24h),,
2026-07-10 14:00:15,"$63,782.73",$1.27T,$26.51B,20.05M BTC,1.1% (24h),,
2026-07-10 15:47:36,"$63,939.99",$1.28T,$25.88B,20.05M BTC,1.09% (24h),,
2026-07-10 16:57:24,"$63,798.00",$1.27T,$27.33B,20.05M BTC,0.92% (24h),,
2026-07-10 18:11:59,"$63,983.71",$1.28T,$27.19B,20.05M BTC,1.2% (24h),,
2026-07-10 19:15:08,"$64,077.65",$1.28T,$27.25B,20.05M BTC,1.49% (24h),,
2026-07-10 20:15:16,"$64,031.20",$1.28T,$27.32B,20.05M BTC,1.37% (24h),,
2026-07-10 23:48:33,"$64,127.39",$1.28T,$24.75B,20.05M BTC,0.28% (24h),,
2026-07-11 02:05:27,"$64,102.90",$1.28T,$22.31B,20.05M BTC,0.12% (24h),,
2026-07-11 04:13:56,"$64,195.37",$1.28T,$21.37B,20.05M BTC,0.35% (24h),,
2026-07-11 05:53:21,"$64,107.94",$1.28T,$19.55B,20.05M BTC,0.38% (24h),,
2026-07-11 07:10:14,"$64,138.60",$1.28T,$19.19B,20.05M BTC,0.36% (24h),,
2026-07-11 08:06:33,"$64,148.89",$1.28T,$19.29B,20.05M BTC,0.27% (24h),,
2026-07-11 09:51:23,"$64,219.42",$1.28T,$17.98B,20.05M BTC,0.39% (24h),,
2026-07-11 10:45:28,"$64,385.63",$1.29T,$16.83B,20.05M BTC,0.5% (24h),,
2026-07-11 11:41:47,"$64,134.44",$1.28T,$16.12B,20.05M BTC,0.27% (24h),,
2026-07-11 12:37:19,"$64,105.79",$1.28T,$16.69B,20.05M BTC,0.29% (24h),,
2026-07-11 13:40:38,"$64,335.68",$1.29T,$16.23B,20.05M BTC,0.8% (24h),,
2026-07-11 14:37:29,"$64,301.51",$1.28T,$15.87B,20.05M BTC,0.69% (24h),,
2026-07-11 15:52:08,"$64,220.62",$1.28T,$15.32B,20.05M BTC,0.4% (24h),,
2026-07-11 16:56:23,"$64,338.66",$1.29T,$13.94B,20.05M BTC,0.84% (24h),,
2026-07-11 17:56:15,"$64,308.32",$1.28T,$13.7B,20.05M BTC,0.55% (24h),,
2026-07-11 18:56:13,"$64,136.65",$1.28T,$13.67B,20.05M BTC,0.02% (24h),,
2026-07-11 20:01:26,"$63,826.88",$1.28T,$13.72B,20.05M BTC,0.46% (24h),,
2026-07-11 23:49:51,"$64,152.17",$1.28T,$16.71B,20.05M BTC,0.03% (24h),,
2026-07-12 02:24:16,"$63,706.68",$1.27T,$16.88B,20.05M BTC,0.77% (24h),,
2026-07-12 04:40:54,"$63,951.12",$1.28T,$18.09B,20.05M BTC,0.39% (24h),,
2026-07-12 06:16:15,"$63,902.54",$1.28T,$21.46B,20.05M BTC,0.35% (24h),,
2026-07-12 07:36:05,"$63,977.09",$1.28T,$21.3B,20.05M BTC,0.27% (24h),,
2026-07-12 08:35:09,"$63,991.57",$1.28T,$21.13B,20.05M BTC,0.16% (24h),,
2026-07-12 10:13:31,"$63,958.23",$1.28T,$21.03B,20.05M BTC,0.4% (24h),,
2026-07-12 11:30:00,"$64,182.34",$1.28T,$20.61B,20.05M BTC,0.32% (24h),,
2026-07-12 12:32:16,"$64,115.74",$1.28T,$19.49B,20.05M BTC,0.09% (24h),,
2026-07-12 13:42:00,"$64,119.83",$1.28T,$19.36B,20.05M BTC,0.33% (24h),,
2026-07-12 14:43:07,"$64,084.85",$1.28T,$19.29B,20.05M BTC,0.32% (24h),,
2026-07-12 15:57:56,"$64,201.80",$1.28T,$19.14B,20.05M BTC,0.05% (24h),,
2026-07-12 17:00:36,"$64,165.38",$1.28T,$19.14B,20.05M BTC,0.26% (24h),,
2026-07-12 18:01:52,"$63,790.48",$1.27T,$19.44B,20.05M BTC,0.8% (24h),,
2026-07-12 19:08:28,"$63,805.18",$1.27T,$19.7B,20.05M BTC,0.61% (24h),,
2026-07-12 20:11:15,"$64,225.50",$1.28T,$18.93B,20.05M BTC,0.7% (24h),,
2026-07-13 00:01:57,"$62,766.70",$1.25T,$19.99B,20.05M BTC,2.2% (24h),,
2026-07-13 03:34:09,"$62,970.10",$1.26T,$21.08B,20.05M BTC,1.37% (24h),,
2026-07-13 09:10:05,"$62,539.81",$1.25T,$21.55B,20.05M BTC,2.29% (24h),,
2026-07-13 11:56:51,"$62,538.07",$1.25T,$26.42B,20.05M BTC,2.48% (24h),,
2026-07-13 13:59:05,"$61,923.74",$1.24T,$28.7B,20.05M BTC,3.31% (24h),,
2026-07-13 15:41:50,"$62,068.18",$1.24T,$29.85B,20.05M BTC,3.18% (24h),,
2026-07-13 16:44:19,"$62,150.82",$1.24T,$30.41B,20.05M BTC,3.16% (24h),,
2026-07-13 17:40:50,"$61,877.70",$1.24T,$30.45B,20.05M BTC,3.36% (24h),,
2026-07-13 18:40:11,"$61,992.67",$1.24T,$37.34B,20.05M BTC,2.79% (24h),,
2026-07-13 19:37:31,"$62,079.65",$1.24T,$37.5B,20.05M BTC,2.6% (24h),,
2026-07-13 21:04:26,"$62,410.59",$1.25T,$37.16B,20.05M BTC,2.47% (24h),,
2026-07-14 00:16:44,"$62,511.77",$1.25T,$34.21B,20.05M BTC,0.45% (24h),,
2026-07-14 02:31:01,"$62,615.79",$1.25T,$32.53B,20.05M BTC,0.27% (24h),,
2026-07-14 04:40:36,"$62,655.71",$1.25T,$25.75B,20.05M BTC,0.58% (24h),,
2026-07-14 07:58:02,"$62,777.62",$1.25T,$24.9B,20.05M BTC,0.1% (24h),,
2026-07-14 09:58:11,"$63,781.62",$1.27T,$27.5B,20.05M BTC,2.43% (24h),,
2026-07-14 11:27:35,"$64,198.60",$1.28T,$26.76B,20.05M BTC,2.31% (24h),,
2026-07-14 12:47:57,"$64,701.41",$1.29T,$29.05B,20.05M BTC,3.79% (24h),,
2026-07-14 13:54:39,"$64,604.09",$1.29T,$29.3B,20.05M BTC,4.28% (24h),,
2026-07-14 15:26:25,"$64,585.14",$1.29T,$28.91B,20.05M BTC,4.2% (24h),,
2026-07-14 16:40:29,"$64,398.13",$1.29T,$28.77B,20.05M BTC,3.57% (24h),,
2026-07-14 17:39:26,"$64,642.75",$1.29T,$28.54B,20.05M BTC,4.43% (24h),,
2026-07-14 18:40:40,"$64,906.43",$1.3T,$29.74B,20.05M BTC,4.69% (24h),,
2026-07-14 19:36:02,"$64,904.82",$1.3T,$29.91B,20.05M BTC,4.52% (24h),,
2026-07-14 20:59:54,"$64,791.23",$1.29T,$29.13B,20.05M BTC,3.69% (24h),,
2026-07-15 00:13:11,"$64,787.02",$1.29T,$28.95B,20.05M BTC,3.67% (24h),,
2026-07-15 02:32:55,"$65,014.04",$1.3T,$28.96B,20.05M BTC,3.78% (24h),,
2026-07-15 04:59:55,"$64,721.84",$1.29T,$30.63B,20.05M BTC,3.34% (24h),,
2026-07-15 07:00:16,"$64,592.54",$1.29T,$30.62B,20.05M BTC,2.95% (24h),,
2026-07-15 08:23:23,"$64,584.45",$1.29T,$30.34B,20.05M BTC,2.68% (24h),,
2026-07-15 10:21:38,"$65,200.64",$1.3T,$29.52B,20.05M BTC,2.25% (24h),,
2026-07-15 11:59:25,"$65,370.99",$1.31T,$28.31B,20.05M BTC,1.05% (24h),,
2026-07-15 13:27:20,"$64,962.18",$1.3T,$27.68B,20.05M BTC,0.75% (24h),,
2026-07-15 14:40:12,"$65,001.11",$1.3T,$28.29B,20.05M BTC,0.64% (24h),,
2026-07-15 15:52:38,"$64,890.44",$1.3T,$28.43B,20.05M BTC,0.5% (24h),,
2026-07-15 17:05:30,"$64,913.59",$1.3T,$28.24B,20.05M BTC,0.62% (24h),,
2026-07-15 18:12:23,"$64,794.97",$1.29T,$28.16B,20.05M BTC,0.44% (24h),,
2026-07-15 19:17:53,"$64,860.25",$1.3T,$26.87B,20.05M BTC,0.08% (24h),,
2026-07-15 20:15:03,"$64,784.18",$1.29T,$27.04B,20.05M BTC,0.14% (24h),,
2026-07-15 23:44:30,"$64,621.75",$1.29T,$27.3B,20.05M BTC,0.07% (24h),,
2026-07-16 02:07:59,"$64,830.07",$1.3T,$27.38B,20.05M BTC,0.09% (24h),,
2026-07-16 04:33:11,"$64,138.37",$1.28T,$27.43B,20.05M BTC,0.69% (24h),,
2026-07-16 06:34:31,"$64,206.13",$1.28T,$32.42B,20.05M BTC,0.58% (24h),,
2026-07-16 08:08:47,"$64,102.02",$1.28T,$32.29B,20.05M BTC,0.8% (24h),,
2026-07-16 10:22:13,"$64,549.93",$1.29T,$29.72B,20.05M BTC,1.2% (24h),,
2026-07-16 11:58:33,"$64,670.59",$1.29T,$29.28B,20.05M BTC,1.01% (24h),,
2026-07-16 13:28:11,"$64,145.83",$1.28T,$28.09B,20.05M BTC,1.23% (24h),,
2026-07-16 14:44:35,"$64,094.89",$1.28T,$27.24B,20.05M BTC,1.32% (24h),,
2026-07-16 15:51:37,"$64,187.99",$1.28T,$27.12B,20.05M BTC,1.07% (24h),,
2026-07-16 16:47:02,"$64,096.19",$1.28T,$26.7B,20.05M BTC,1.31% (24h),,
2026-07-16 17:49:48,"$64,133.19",$1.28T,$26.66B,20.05M BTC,1.01% (24h),,
2026-07-16 18:44:58,"$64,031.38",$1.28T,$26.91B,20.05M BTC,1.23% (24h),,
2026-07-16 19:44:20,"$63,781.08",$1.27T,$27.27B,20.05M BTC,1.4% (24h),,
2026-07-16 21:16:53,"$63,887.61",$1.28T,$27.01B,20.05M BTC,1.03% (24h),,
2026-07-17 00:30:56,"$63,318.98",$1.27T,$28.07B,20.05M BTC,1.98% (24h),,
2026-07-17 03:00:38,"$62,847.45",$1.26T,$29.67B,20.05M BTC,2.89% (24h),,
2026-07-17 05:18:24,"$62,835.59",$1.26T,$26.29B,20.05M BTC,1.94% (24h),,
2026-07-17 07:00:47,"$63,120.68",$1.26T,$24.21B,20.05M BTC,1.62% (24h),,
2026-07-17 08:19:03,"$63,217.32",$1.26T,$24.58B,20.05M BTC,1.37% (24h),,
2026-07-17 10:09:42,"$63,306.45",$1.26T,$25.07B,20.05M BTC,1.92% (24h),,
2026-07-17 11:40:19,"$63,226.23",$1.26T,$25.27B,20.05M BTC,2.37% (24h),,
2026-07-17 12:48:08,"$63,569.96",$1.27T,$25.58B,20.05M BTC,1.21% (24h),,
2026-07-17 13:53:58,"$64,009.69",$1.28T,$25.78B,20.05M BTC,0.07% (24h),,
2026-07-17 15:17:37,"$64,026.94",$1.28T,$27.31B,20.05M BTC,0.28% (24h),,
2026-07-17 16:17:23,"$63,964.95",$1.28T,$27.59B,20.05M BTC,0.24% (24h),,
2026-07-17 17:12:59,"$64,116.57",$1.28T,$27.71B,20.05M BTC,0% (24h),,
2026-07-17 18:10:43,"$64,021.25",$1.28T,$27.81B,20.05M BTC,0.2% (24h),,
2026-07-17 19:09:36,"$63,862.86",$1.28T,$27.74B,20.05M BTC,0.03% (24h),,
2026-07-17 20:09:52,"$63,862.71",$1.28T,$27.37B,20.05M BTC,0.19% (24h),,
2026-07-17 23:32:20,"$63,913.56",$1.28T,$25.28B,20.05M BTC,0.44% (24h),,
2026-07-18 01:52:27,"$63,917.24",$1.28T,$24.03B,20.05M BTC,1.79% (24h),,
2026-07-18 03:59:35,"$63,969.62",$1.28T,$21.73B,20.05M BTC,1.87% (24h),,
2026-07-18 05:43:02,"$63,929.08",$1.28T,$20.55B,20.05M BTC,1.54% (24h),,
2026-07-18 06:52:50,"$63,963.00",$1.28T,$20.41B,20.05M BTC,1.34% (24h),,
2026-07-18 07:56:25,"$63,976.84",$1.28T,$20.19B,20.05M BTC,1.07% (24h),,
2026-07-18 09:25:35,"$63,938.20",$1.28T,$19.49B,20.05M BTC,1.8% (24h),,
2026-07-18 10:36:00,"$64,138.83",$1.28T,$17.56B,20.05M BTC,1.59% (24h),,
2026-07-18 11:36:48,"$64,036.60",$1.28T,$16.49B,20.05M BTC,1.34% (24h),,
2026-07-18 12:35:43,"$64,108.02",$1.28T,$15.59B,20.05M BTC,1.23% (24h),,
2026-07-18 13:40:12,"$64,363.28",$1.29T,$14.74B,20.05M BTC,0.56% (24h),,
2026-07-18 14:38:34,"$64,481.97",$1.29T,$14.56B,20.05M BTC,0.77% (24h),,
2026-07-18 15:51:07,"$64,498.16",$1.29T,$13.88B,20.05M BTC,0.56% (24h),,
2026-07-18 16:37:42,"$64,553.84",$1.29T,$13.83B,20.05M BTC,0.92% (24h),,
2026-07-18 17:33:58,"$64,666.35",$1.29T,$13.94B,20.05M BTC,0.93% (24h),,
2026-07-18 18:31:42,"$64,677.95",$1.29T,$14.01B,20.05M BTC,1.17% (24h),,
2026-07-18 19:33:11,"$64,776.63",$1.29T,$14.21B,20.05M BTC,1.29% (24h),,
2026-07-18 21:10:18,"$64,734.42",$1.29T,$14.29B,20.05M BTC,1.34% (24h),,
2026-07-19 00:36:30,"$64,684.72",$1.29T,$14.39B,20.05M BTC,1.21% (24h),,
2026-07-19 03:15:06,"$64,653.98",$1.29T,$14.29B,20.05M BTC,1.09% (24h),,
2026-07-19 05:23:09,"$64,523.92",$1.29T,$14.53B,20.05M BTC,0.96% (24h),,
2026-07-19 06:55:21,"$64,555.44",$1.29T,$14.71B,20.05M BTC,0.92% (24h),,
2026-07-19 08:03:05,"$64,396.74",$1.29T,$14.6B,20.05M BTC,0.5% (24h),,
2026-07-19 09:51:37,"$64,458.11",$1.29T,$15.38B,20.05M BTC,0.71% (24h),,
2026-07-19 10:47:45,"$64,537.69",$1.29T,$15.58B,20.05M BTC,0.64% (24h),,
2026-07-19 12:40:42,"$64,522.26",$1.29T,$15.7B,20.05M BTC,0.67% (24h),,
2026-07-19 13:43:49,"$64,579.16",$1.29T,$15.69B,20.05M BTC,0.31% (24h),,
2026-07-19 14:43:42,"$64,391.38",$1.29T,$15.19B,20.05M BTC,0.08% (24h),,
2026-07-19 15:59:17,"$64,399.67",$1.29T,$15.15B,20.05M BTC,0.18% (24h),,
2026-07-19 17:04:00,"$64,499.31",$1.29T,$14.51B,20.05M BTC,0.23% (24h),,
2026-07-19 18:08:23,"$64,409.05",$1.29T,$14.34B,20.05M BTC,0.49% (24h),,
2026-07-19 19:11:34,"$64,649.49",$1.29T,$14.92B,20.05M BTC,0.07% (24h),,
2026-07-19 20:14:08,"$64,987.42",$1.3T,$15.12B,20.05M BTC,0.28% (24h),,
2026-07-20 00:11:17,"$64,724.40",$1.29T,$16.15B,20.05M BTC,0.19% (24h),,
2026-07-20 03:31:14,"$64,078.01",$1.28T,$18.5B,20.05M BTC,0.91% (24h),,
2026-07-20 06:28:42,"$64,289.08",$1.28T,$21.82B,20.05M BTC,0.41% (24h),,
2026-07-20 08:36:34,"$64,672.03",$1.29T,$23.14B,20.05M BTC,0.53% (24h),,
2026-07-20 10:56:39,"$64,324.42",$1.29T,$24.85B,20.05M BTC,0.35% (24h),,
2026-07-20 12:28:20,"$65,337.93",$1.31T,$28.18B,20.05M BTC,1.22% (24h),,
2026-07-20 14:31:48,"$65,476.03",$1.31T,$29.52B,20.05M BTC,1.78% (24h),,
2026-07-20 16:11:14,"$65,090.32",$1.3T,$30.71B,20.05M BTC,0.95% (24h),,
2026-07-20 17:34:23,"$65,362.27",$1.31T,$31.55B,20.05M BTC,1.51% (24h),,
2026-07-20 18:37:40,"$65,085.40",$1.3T,$30.83B,20.05M BTC,0.61% (24h),,
2026-07-20 19:39:19,"$65,194.05",$1.3T,$30.95B,20.05M BTC,0.84% (24h),,
2026-07-21 00:33:27,"$65,498.82",$1.31T,$30.98B,20.05M BTC,1.24% (24h),,
2026-07-21 03:18:56,"$65,921.89",$1.32T,$31.12B,20.05M BTC,3.25% (24h),,
2026-07-21 05:46:49,"$66,263.93",$1.32T,$30.03B,20.05M BTC,3.22% (24h),,
2026-07-21 07:33:31,"$66,214.19",$1.32T,$31.04B,20.05M BTC,2.39% (24h),,
2026-07-21 09:05:02,"$66,492.94",$1.33T,$29.88B,20.05M BTC,2.95% (24h),,
2026-07-21 11:17:13,"$66,658.64",$1.33T,$31.48B,20.05M BTC,2.7% (24h),,
2026-07-21 12:51:05,"$66,491.87",$1.33T,$29.74B,20.05M BTC,1.68% (24h),,
2026-07-21 14:08:42,"$66,263.89",$1.32T,$29.88B,20.05M BTC,1.09% (24h),,
2026-07-21 15:51:41,"$66,461.21",$1.33T,$29.29B,20.05M BTC,2.14% (24h),,
2026-07-21 16:59:25,"$66,378.42",$1.33T,$29.3B,20.05M BTC,1.62% (24h),,
2026-07-21 18:10:05,"$66,304.32",$1.33T,$29.81B,20.05M BTC,1.74% (24h),,
2026-07-21 19:12:31,"$66,246.30",$1.32T,$29.55B,20.05M BTC,1.68% (24h),,
2026-07-21 20:12:55,"$66,617.06",$1.33T,$29.79B,20.05M BTC,2.27% (24h),,
2026-07-21 23:53:11,"$66,277.89",$1.32T,$30.48B,20.05M BTC,1.23% (24h),,
2026-07-22 02:36:21,"$65,902.05",$1.32T,$31.01B,20.05M BTC,0.01% (24h),,
2026-07-22 05:15:30,"$65,954.77",$1.32T,$31.71B,20.05M BTC,0.31% (24h),,
2026-07-22 07:23:17,"$66,007.36",$1.32T,$32.52B,20.05M BTC,0.23% (24h),,
2026-07-22 09:02:11,"$65,581.09",$1.31T,$31.98B,20.05M BTC,1.36% (24h),,
2026-07-22 11:16:29,"$65,880.77",$1.32T,$30.31B,20.05M BTC,1.17% (24h),,
2026-07-22 12:53:17,"$66,199.66",$1.32T,$30.17B,20.05M BTC,0.45% (24h),,
2026-07-22 14:11:21,"$65,984.31",$1.32T,$29.08B,20.05M BTC,0.41% (24h),,
2026-07-22 15:45:39,"$65,841.39",$1.32T,$28.75B,20.05M BTC,0.88% (24h),,
2026-07-22 16:51:54,"$65,902.91",$1.32T,$28.72B,20.05M BTC,0.73% (24h),,
2026-07-22 17:55:48,"$66,027.21",$1.32T,$28.48B,20.05M BTC,0.47% (24h),,
2026-07-22 19:10:08,"$66,035.70",$1.32T,$28.13B,20.05M BTC,0.3% (24h),,
2026-07-22 20:14:24,"$66,174.41",$1.32T,$28.1B,20.05M BTC,0.65% (24h),,
2026-07-22 23:50:58,"$65,621.68",$1.31T,$28.1B,20.06M BTC,1.02% (24h),,
2026-07-23 02:24:47,"$65,613.79",$1.31T,$26.82B,20.06M BTC,0.33% (24h),,
2026-07-23 05:09:46,"$65,652.50",$1.31T,$23.81B,20.06M BTC,0.53% (24h),,
2026-07-23 07:21:10,"$65,651.98",$1.31T,$21.83B,20.06M BTC,0.47% (24h),,
2026-07-23 08:55:11,"$65,195.91",$1.3T,$22.18B,20.06M BTC,0.75% (24h),,
2026-07-23 11:12:52,"$64,712.46",$1.29T,$22.74B,20.06M BTC,1.78% (24h),,
2026-07-23 12:52:53,"$64,679.47",$1.29T,$23.24B,20.06M BTC,2.26% (24h),,
2026-07-23 14:08:19,"$64,686.95",$1.29T,$23.31B,20.06M BTC,2.02% (24h),,
2026-07-23 15:45:24,"$64,701.85",$1.29T,$23.63B,20.06M BTC,1.72% (24h),,
2026-07-23 16:47:23,"$65,067.83",$1.3T,$23.92B,20.06M BTC,1.23% (24h),,
2026-07-23 17:50:10,"$65,100.67",$1.3T,$24.13B,20.06M BTC,1.49% (24h),,
2026-07-23 18:43:40,"$65,166.16",$1.3T,$24.55B,20.06M BTC,1.15% (24h),,
2026-07-23 19:45:17,"$65,116.34",$1.3T,$24.48B,20.06M BTC,1.26% (24h),,
2026-07-23 21:15:43,"$64,975.41",$1.3T,$23.98B,20.06M BTC,1.56% (24h),,
2026-07-24 00:40:21,"$65,285.63",$1.3T,$23.36B,20.06M BTC,0.48% (24h),,
2026-07-24 03:19:36,"$65,673.26",$1.31T,$24.08B,20.06M BTC,0.35% (24h),,
2026-07-24 05:41:01,"$65,024.55",$1.3T,$24.49B,20.06M BTC,0.98% (24h),,
2026-07-24 07:26:56,"$65,000.43",$1.3T,$25.04B,20.06M BTC,0.92% (24h),,
2026-07-24 09:02:22,"$64,671.11",$1.29T,$24.3B,20.06M BTC,0.74% (24h),,
2026-07-24 11:05:33,"$63,848.97",$1.28T,$25.39B,20.06M BTC,1.51% (24h),,
2026-07-24 12:57:05,"$63,888.77",$1.28T,$26.98B,20.06M BTC,1.28% (24h),,
2026-07-24 14:23:30,"$64,098.02",$1.28T,$26.7B,20.06M BTC,0.89% (24h),,
2026-07-24 15:57:28,"$64,131.82",$1.28T,$26.4B,20.06M BTC,0.91% (24h),,
2026-07-24 17:12:31,"$64,100.13",$1.28T,$26.08B,20.06M BTC,1.42% (24h),,
2026-07-24 18:31:54,"$64,108.82",$1.28T,$26.1B,20.06M BTC,1.56% (24h),,
2026-07-24 19:41:44,"$64,101.14",$1.28T,$25.86B,20.06M BTC,1.56% (24h),,
2026-07-24 21:13:41,"$63,974.40",$1.28T,$25.9B,20.06M BTC,1.57% (24h),,
2026-07-25 00:34:03,"$64,037.23",$1.28T,$24.86B,20.06M BTC,2.02% (24h),,
2026-07-25 03:02:29,"$63,951.24",$1.28T,$24B,20.06M BTC,2.26% (24h),,
2026-07-25 05:11:55,"$63,791.82",$1.27T,$23.1B,20.06M BTC,2% (24h),,
2026-07-25 06:46:32,"$63,958.91",$1.28T,$23.26B,20.06M BTC,1.55% (24h),,
2026-07-25 07:54:31,"$64,011.07",$1.28T,$23.1B,20.06M BTC,1.48% (24h),,
2026-07-25 09:44:52,"$64,136.05",$1.28T,$20.65B,20.06M BTC,0.26% (24h),,
2026-07-25 10:52:49,"$64,122.87",$1.28T,$18.04B,20.06M BTC,0.43% (24h),,
2026-07-25 12:08:34,"$64,118.03",$1.28T,$15.5B,20.06M BTC,0.02% (24h),,
2026-07-25 13:14:50,"$64,143.47",$1.28T,$14.9B,20.06M BTC,0.42% (24h),,
2026-07-25 14:13:12,"$64,316.51",$1.29T,$14.72B,20.06M BTC,0.32% (24h),,
2026-07-25 15:39:49,"$64,342.00",$1.29T,$14.32B,20.06M BTC,0.22% (24h),,
2026-07-25 16:33:25,"$64,281.22",$1.28T,$14.14B,20.06M BTC,0.21% (24h),,
2026-07-25 17:35:11,"$64,292.64",$1.28T,$13.99B,20.06M BTC,0.27% (24h),,
2026-07-25 18:36:18,"$64,308.13",$1.29T,$13.58B,20.06M BTC,0.27% (24h),,
2026-07-25 19:41:42,"$64,340.85",$1.29T,$13.84B,20.06M BTC,0.37% (24h),,
2026-07-25 21:17:03,"$64,429.29",$1.29T,$13.33B,20.06M BTC,0.74% (24h),,
2026-07-26 00:48:37,"$64,503.09",$1.29T,$13.47B,20.06M BTC,0.58% (24h),,
2026-07-26 03:29:00,"$64,313.12",$1.29T,$13.65B,20.06M BTC,0.54% (24h),,
2026-07-26 05:37:07,"$64,460.71",$1.29T,$12.39B,20.06M BTC,0.91% (24h),,
2026-07-26 07:08:53,"$64,467.26",$1.29T,$11.35B,20.06M BTC,0.72% (24h),,
2026-07-26 08:16:59,"$64,559.01",$1.29T,$11.44B,20.06M BTC,0.87% (24h),,
2026-07-26 10:04:21,"$64,506.39",$1.29T,$11.6B,20.06M BTC,0.67% (24h),,
2026-07-26 11:19:13,"$64,709.61",$1.29T,$12.01B,20.06M BTC,0.82% (24h),,
2026-07-26 12:27:53,"$64,718.24",$1.29T,$12.21B,20.06M BTC,1.01% (24h),,
2026-07-26 13:36:01,"$64,691.89",$1.29T,$12.66B,20.06M BTC,0.7% (24h),,
2026-07-26 14:41:36,"$64,650.58",$1.29T,$12.42B,20.06M BTC,0.49% (24h),,
2026-07-26 15:55:48,"$64,645.67",$1.29T,$12.51B,20.06M BTC,0.44% (24h),,
2026-07-26 17:03:28,"$64,626.24",$1.29T,$12.39B,20.06M BTC,0.57% (24h),,
2026-07-26 18:11:47,"$65,134.97",$1.3T,$12.77B,20.06M BTC,1.23% (24h),,
2026-07-26 19:14:41,"$65,363.07",$1.31T,$13.9B,20.06M BTC,1.55% (24h),,
2026-07-26 20:17:56,"$65,134.94",$1.3T,$14.47B,20.06M BTC,1.18% (24h),,
2026-07-27 00:11:04,"$65,219.30",$1.3T,$15.94B,20.06M BTC,1.19% (24h),,
2026-07-27 03:53:26,"$65,220.04",$1.3T,$17.76B,20.06M BTC,1.41% (24h),,
2026-07-27 07:30:24,"$65,095.20",$1.3T,$20.87B,20.06M BTC,1% (24h),,
2026-07-27 09:56:39,"$65,305.02",$1.31T,$22.57B,20.06M BTC,1.3% (24h),,
2026-07-27 12:25:35,"$64,648.82",$1.29T,$24.66B,20.06M BTC,0.07% (24h),,
2026-07-27 14:08:25,"$64,931.34",$1.3T,$25.25B,20.06M BTC,0.47% (24h),,
2026-07-27 15:54:37,"$64,891.62",$1.3T,$25.78B,20.06M BTC,0.37% (24h),,
2026-07-27 17:16:53,"$64,843.85",$1.3T,$25.96B,20.06M BTC,0.31% (24h),,
2026-07-27 18:31:07,"$64,516.58",$1.29T,$25.29B,20.06M BTC,0.99% (24h),,
2026-07-27 19:40:53,"$63,698.12",$1.27T,$26.06B,20.06M BTC,2.42% (24h),,
2026-07-27 21:06:14,"$63,308.90",$1.27T,$26.53B,20.06M BTC,2.82% (24h),,
2026-07-28 00:26:13,"$63,258.75",$1.26T,$27.87B,20.06M BTC,3.16% (24h),,
2026-07-28 03:17:32,"$63,492.70",$1.27T,$27.39B,20.06M BTC,2.84% (24h),,
2026-07-28 06:01:20,"$63,325.22",$1.27T,$25.8B,20.06M BTC,2.87% (24h),,
2026-07-28 08:06:39,"$63,449.77",$1.27T,$25.77B,20.06M BTC,2.57% (24h),,
2026-07-28 10:35:10,"$63,084.39",$1.26T,$25.54B,20.06M BTC,2.36% (24h),,
2026-07-28 12:23:36,"$63,739.01",$1.27T,$25.67B,20.06M BTC,1.19% (24h),,
2026-07-28 13:58:00,"$63,569.60",$1.27T,$25.81B,20.06M BTC,2.12% (24h),,
2026-07-28 15:44:18,"$63,618.33",$1.27T,$25.71B,20.06M BTC,1.98% (24h),,
2026-07-28 16:52:54,"$63,853.61",$1.28T,$26.02B,20.06M BTC,1.54% (24h),,
2026-07-28 18:09:33,"$63,927.99",$1.28T,$25.85B,20.06M BTC,1.12% (24h),,
2026-07-28 19:16:19,"$63,574.54",$1.27T,$24.46B,20.06M BTC,0.22% (24h),,
2026-07-28 20:14:41,"$63,957.92",$1.28T,$24.42B,20.06M BTC,0.64% (24h),,
2026-07-28 23:47:12,"$63,665.03",$1.27T,$23.29B,20.06M BTC,0.64% (24h),,
2026-07-29 02:22:02,"$64,063.11",$1.28T,$23.81B,20.06M BTC,0.98% (24h),,
2026-07-29 05:23:57,"$64,375.56",$1.29T,$24.26B,20.06M BTC,1.53% (24h),,
2026-07-29 07:41:26,"$64,364.77",$1.29T,$24.5B,20.06M BTC,1.52% (24h),,
2026-07-29 09:25:58,"$64,105.01",$1.28T,$24.33B,20.06M BTC,1.21% (24h),,
2026-07-29 11:31:43,"$63,955.45",$1.28T,$23.39B,20.06M BTC,0.45% (24h),,
2026-07-29 12:55:26,"$63,669.60",$1.27T,$23.16B,20.06M BTC,0.5% (24h),,
2026-07-29 14:11:01,"$64,390.94",$1.29T,$23.45B,20.06M BTC,1.15% (24h),,
2026-07-29 15:45:33,"$63,819.77",$1.28T,$26.21B,20.06M BTC,0.29% (24h),,
2026-07-29 16:40:49,"$63,635.03",$1.27T,$27.25B,20.06M BTC,0.26% (24h),,
2026-07-29 17:39:02,"$63,550.45",$1.27T,$28.08B,20.06M BTC,0.54% (24h),,
2026-07-29 18:39:38,"$63,878.40",$1.28T,$28.97B,20.06M BTC,0.13% (24h),,
2026-07-29 19:42:44,"$63,901.23",$1.28T,$28.82B,20.06M BTC,0.27% (24h),,
2026-07-29 21:06:55,"$63,722.61",$1.27T,$28.17B,20.06M BTC,0.26% (24h),,
2026-07-30 00:20:00,"$64,022.09",$1.28T,$28.31B,20.06M BTC,0.67% (24h),,
2026-07-30 02:47:38,"$63,929.66",$1.28T,$28.12B,20.06M BTC,0.62% (24h),,
2026-07-30 05:23:10,"$64,385.08",$1.29T,$29.35B,20.06M BTC,0.01% (24h),,
2026-07-30 07:31:22,"$64,490.34",$1.29T,$30.62B,20.06M BTC,0.12% (24h),,
2026-07-30 09:12:18,"$64,761.61",$1.29T,$31.36B,20.06M BTC,0.83% (24h),,
2026-07-30 11:27:49,"$64,657.65",$1.29T,$31.98B,20.06M BTC,1.13% (24h),,
2026-07-30 13:05:03,"$64,774.02",$1.29T,$31.71B,20.06M BTC,1.61% (24h),,
2026-07-30 14:43:46,"$64,659.78",$1.29T,$30.29B,20.06M BTC,0.66% (24h),,
2026-07-30 16:08:59,"$64,771.39",$1.29T,$28.06B,20.06M BTC,1.97% (24h),,
2026-07-30 17:31:38,"$64,688.71",$1.29T,$26.71B,20.06M BTC,1.88% (24h),,
2026-07-30 18:42:04,"$64,836.81",$1.3T,$26.11B,20.06M BTC,1.49% (24h),,
2026-07-30 19:46:24,"$64,789.83",$1.29T,$26.08B,20.06M BTC,1.33% (24h),,
2026-07-30 21:19:00,"$65,082.15",$1.3T,$25.97B,20.06M BTC,2.23% (24h),,
2026-07-31 00:49:51,"$64,241.36",$1.28T,$27.17B,20.06M BTC,0.36% (24h),,
2026-07-31 03:42:33,"$63,903.26",$1.28T,$27.87B,20.06M BTC,0.05% (24h),,
2026-07-31 06:23:12,"$63,720.63",$1.27T,$27.09B,20.06M BTC,1.24% (24h),,
2026-07-31 08:29:03,"$63,699.07",$1.27T,$26.3B,20.06M BTC,1.69% (24h),,
2026-07-31 11:03:15,"$62,551.76",$1.25T,$28.96B,20.06M BTC,3.21% (24h),,
2026-07-31 12:56:06,"$62,805.88",$1.26T,$30.14B,20.06M BTC,3.04% (24h),,
2026-07-31 14:23:52,"$63,110.39",$1.26T,$30.85B,20.06M BTC,2.48% (24h),,
2026-07-31 16:04:47,"$62,918.35",$1.26T,$31.05B,20.06M BTC,2.98% (24h),,
2026-07-31 17:20:04,"$62,962.13",$1.26T,$30.92B,20.06M BTC,2.66% (24h),,
2026-07-31 18:30:19,"$62,926.10",$1.26T,$30.9B,20.06M BTC,3.09% (24h),,
2026-07-31 19:36:03,"$62,918.10",$1.26T,$30.91B,20.06M BTC,3.23% (24h),,
2026-07-31 21:13:26,"$62,902.24",$1.26T,$30.03B,20.06M BTC,3.57% (24h),,
2026-08-01 00:42:54,"$62,995.30",$1.26T,$27.76B,20.06M BTC,1.91% (24h),,
2026-08-01 03:19:42,"$63,010.08",$1.26T,$26.78B,20.06M BTC,1.51% (24h),,
2026-08-01 05:29:30,"$63,047.79",$1.26T,$23.43B,20.06M BTC,0.92% (24h),,
2026-08-01 07:03:17,"$62,993.88",$1.26T,$22.85B,20.06M BTC,1.4% (24h),,
2026-08-01 08:12:16,"$63,049.58",$1.26T,$22.57B,20.06M BTC,0.97% (24h),,
2026-08-01 10:03:43,"$63,023.58",$1.26T,$19.96B,20.06M BTC,0.19% (24h),,
2026-08-01 11:17:03,"$63,039.75",$1.26T,$16.12B,20.06M BTC,0.8% (24h),,
2026-08-01 12:18:38,"$62,876.35",$1.26T,$14.74B,20.06M BTC,0.16% (24h),,
2026-08-01 13:28:50,"$62,755.81",$1.25T,$14.17B,20.06M BTC,0.24% (24h),,
2026-08-01 14:33:38,"$62,282.87",$1.24T,$13.94B,20.06M BTC,1.14% (24h),,
2026-08-01 15:53:08,"$62,462.38",$1.25T,$14.33B,20.06M BTC,0.75% (24h),,
2026-08-01 16:59:50,"$62,607.17",$1.25T,$14.09B,20.06M BTC,0.44% (24h),,
2026-08-01 18:04:35,"$62,744.03",$1.25T,$13.93B,20.06M BTC,0.15% (24h),,
2026-08-01 19:10:10,"$62,780.29",$1.25T,$13.53B,20.06M BTC,0.24% (24h),,
2026-08-01 20:13:27,"$62,894.69",$1.26T,$13.55B,20.06M BTC,0.01% (24h),,
2026-08-02 00:00:52,"$63,422.92",$1.27T,$14.59B,20.06M BTC,0.76% (24h),,
2026-08-02 02:42:49,"$63,421.40",$1.27T,$14.54B,20.06M BTC,0.64% (24h),,
2026-08-02 05:03:46,"$63,087.47",$1.26T,$15.36B,20.06M BTC,0.03% (24h),,
2026-08-02 06:49:53,"$63,142.71",$1.26T,$15.51B,20.06M BTC,0.24% (24h),,
2026-08-02 07:50:36,"$63,046.70",$1.26T,$15.6B,20.06M BTC,0.05% (24h),,
2026-08-02 08:50:56,"$63,080.34",$1.26T,$15.76B,20.06M BTC,0.05% (24h),,
2026-08-02 10:23:09,"$63,046.79",$1.26T,$15.79B,20.06M BTC,0.01% (24h),,
2026-08-02 11:40:27,"$63,067.96",$1.26T,$16.02B,20.06M BTC,0.11% (24h),,
2026-08-02 12:38:29,"$63,110.57",$1.26T,$15.85B,20.06M BTC,0.25% (24h),,
2026-08-02 13:44:57,"$63,252.51",$1.26T,$15.73B,20.06M BTC,0.78% (24h),,
2026-08-02 14:46:28,"$63,362.21",$1.27T,$15.02B,20.06M BTC,1.76% (24h),,
2026-08-02 16:02:12,"$63,387.61",$1.27T,$14.82B,20.06M BTC,1.52% (24h),,
2026-08-02 17:09:57,"$63,452.54",$1.27T,$14.64B,20.06M BTC,1.2% (24h),,
2026-08-02 18:10:55,"$63,676.05",$1.27T,$15.16B,20.06M BTC,1.41% (24h),,
2026-08-02 19:13:19,"$63,287.78",$1.26T,$15.65B,20.06M BTC,0.84% (24h),,
2026-08-02 20:17:50,"$63,359.54",$1.27T,$15.89B,20.06M BTC,0.78% (24h),,
2026-08-03 00:03:25,"$62,806.53",$1.26T,$15.54B,20.06M BTC,0.99% (24h),,
2026-08-03 03:44:38,"$62,552.14",$1.25T,$17B,20.06M BTC,1.44% (24h),,
2026-08-03 07:01:05,"$62,659.74",$1.25T,$17.81B,20.06M BTC,0.74% (24h),,
2026-08-03 09:47:56,"$62,799.32",$1.26T,$18.8B,20.06M BTC,0.39% (24h),,
2026-08-03 12:12:25,"$63,683.63",$1.27T,$24.07B,20.06M BTC,1.01% (24h),,
2026-08-03 14:13:32,"$63,889.13",$1.28T,$25.03B,20.06M BTC,1.01% (24h),,
2026-08-03 16:04:00,"$63,790.32",$1.27T,$25.53B,20.06M BTC,0.63% (24h),,
2026-08-03 18:32:49,"$63,487.05",$1.27T,$26.21B,20.06M BTC,0.01% (24h),,
2026-08-03 19:46:34,"$63,460.13",$1.27T,$25.96B,20.06M BTC,0.05% (24h),,
2026-08-03 21:11:23,"$63,403.85",$1.27T,$26.08B,20.06M BTC,0.3% (24h),,
2026-08-04 00:32:59,"$63,796.17",$1.28T,$26.48B,20.06M BTC,1.41% (24h),,
2026-08-04 03:22:40,"$63,464.72",$1.27T,$26.08B,20.06M BTC,1.48% (24h),,
2026-08-04 06:13:30,"$63,460.19",$1.27T,$25.48B,20.06M BTC,1.18% (24h),,
2026-08-04 08:22:59,"$63,763.16",$1.27T,$25.67B,20.06M BTC,1.93% (24h),,
2026-08-04 11:03:55,"$64,116.19",$1.28T,$23.88B,20.06M BTC,0.39% (24h),,
2026-08-04 13:02:35,"$63,987.39",$1.28T,$23.32B,20.06M BTC,0.46% (24h),,
2026-08-04 14:49:36,"$64,260.54",$1.28T,$23.79B,20.06M BTC,0.76% (24h),,
2026-08-04 16:16:31,"$64,069.16",$1.28T,$23.68B,20.06M BTC,0.36% (24h),,
2026-08-04 17:43:11,"$64,214.76",$1.28T,$23.83B,20.06M BTC,0.92% (24h),,
2026-08-04 18:48:23,"$64,170.77",$1.28T,$23.31B,20.06M BTC,1.09% (24h),,
2026-08-04 19:49:30,"$64,136.47",$1.28T,$23.55B,20.06M BTC,1.09% (24h),,
2026-08-04 21:12:20,"$63,969.81",$1.28T,$23.74B,20.06M BTC,0.9% (24h),,
2026-08-05 00:33:35,"$64,153.87",$1.28T,$23.86B,20.06M BTC,0.55% (24h),,
2026-08-05 03:23:16,"$64,019.49",$1.28T,$23.21B,20.06M BTC,0.87% (24h),,
2026-08-05 06:09:34,"$64,120.62",$1.28T,$23.29B,20.06M BTC,1.01% (24h),,
2026-08-05 08:17:21,"$64,168.96",$1.28T,$22.77B,20.06M BTC,0.65% (24h),,
2026-08-05 10:40:42,"$64,300.21",$1.29T,$23.67B,20.06M BTC,0.57% (24h),,
2026-08-05 12:23:03,"$64,641.85",$1.29T,$23.57B,20.06M BTC,1% (24h),,
2026-08-05 14:06:50,"$64,650.40",$1.29T,$23.5B,20.06M BTC,0.88% (24h),,
2026-08-05 15:53:10,"$64,868.64",$1.3T,$23.39B,20.06M BTC,0.9% (24h),,
2026-08-05 17:16:40,"$64,725.72",$1.29T,$23.34B,20.06M BTC,0.84% (24h),,
2026-08-05 18:32:04,"$64,688.36",$1.29T,$23.65B,20.06M BTC,0.72% (24h),,
2026-08-05 19:38:14,"$64,624.46",$1.29T,$23.4B,20.06M BTC,0.74% (24h),,
2026-08-05 21:04:52,"$64,553.56",$1.29T,$22.97B,20.06M BTC,1% (24h),,
2026-08-06 00:29:41,"$64,628.71",$1.29T,$21.93B,20.06M BTC,0.84% (24h),,
2026-08-06 03:21:54,"$64,873.53",$1.3T,$22.22B,20.06M BTC,1.29% (24h),,
2026-08-06 06:06:34,"$64,571.86",$1.29T,$22.4B,20.06M BTC,0.71% (24h),,
2026-08-06 08:17:30,"$64,401.65",$1.29T,$22.29B,20.06M BTC,0.36% (24h),,
2026-08-06 10:41:55,"$64,518.13",$1.29T,$21.03B,20.06M BTC,0.37% (24h),,
2026-08-06 20:20:38,"$64,198.47",$1.28T,$18.3B,20.06M BTC,0.56% (24h),,
2026-08-06 23:23:37,"$64,218.04",$1.28T,$18.16B,20.06M BTC,0.39% (24h),,
2026-08-07 01:16:44,"$64,181.05",$1.28T,$18.26B,20.06M BTC,1.02% (24h),,
2026-08-07 02:38:05,"$64,317.67",$1.29T,$17.81B,20.06M BTC,0.67% (24h),,
2026-08-07 04:00:06,"$64,263.60",$1.28T,$17.79B,20.06M BTC,0.73% (24h),,
2026-08-07 06:12:39,"$64,788.78",$1.3T,$18.42B,20.06M BTC,0.39% (24h),,
2026-08-07 07:12:50,"$64,919.72",$1.3T,$18.51B,20.06M BTC,0.65% (24h),,
2026-08-07 08:03:13,"$65,032.33",$1.3T,$18.91B,20.06M BTC,0.85% (24h),,
2026-08-07 09:37:30,"$65,137.78",$1.3T,$20.38B,20.06M BTC,1.46% (24h),,
2026-08-07 10:39:34,"$65,152.00",$1.3T,$21.28B,20.06M BTC,0.99% (24h),,
2026-08-07 11:36:25,"$65,026.30",$1.3T,$21.28B,20.06M BTC,0.55% (24h),,
2026-08-07 12:33:22,"$64,895.91",$1.3T,$21.26B,20.06M BTC,0.47% (24h),,
2026-08-07 13:32:40,"$64,498.29",$1.29T,$21.55B,20.06M BTC,0.21% (24h),,
2026-08-07 14:29:39,"$64,773.35",$1.29T,$21.64B,20.06M BTC,0.47% (24h),,
2026-08-07 15:35:18,"$64,941.68",$1.3T,$21.49B,20.06M BTC,0.91% (24h),,
2026-08-07 16:21:13,"$64,934.67",$1.3T,$21.72B,20.06M BTC,0.78% (24h),,
2026-08-07 17:07:46,"$64,938.67",$1.3T,$21.98B,20.06M BTC,0.77% (24h),,
2026-08-07 17:54:52,"$64,913.20",$1.3T,$21.93B,20.06M BTC,0.78% (24h),,
2026-08-07 18:41:40,"$64,837.07",$1.3T,$22.08B,20.06M BTC,0.82% (24h),,
2026-08-07 19:20:48,"$64,846.47",$1.3T,$22.15B,20.06M BTC,0.96% (24h),,
2026-08-07 19:54:30,"$64,877.03",$1.3T,$22.18B,20.06M BTC,0.97% (24h),,
2026-08-07 21:55:34,"$64,885.03",$1.3T,$22.18B,20.06M BTC,0.82% (24h),,
2026-08-07 23:38:03,"$64,985.77",$1.3T,$21.98B,20.06M BTC,1.1% (24h),,
2026-08-08 00:40:28,"$65,012.64",$1.3T,$22.02B,20.06M BTC,1.23% (24h),,
2026-08-08 01:28:02,"$64,982.30",$1.3T,$21.95B,20.06M BTC,1.34% (24h),,
2026-08-08 02:10:21,"$64,952.53",$1.3T,$21.81B,20.06M BTC,1.04% (24h),,
2026-08-08 03:15:20,"$64,961.54",$1.3T,$21.45B,20.06M BTC,1.05% (24h),,
2026-08-08 04:58:44,"$64,949.80",$1.3T,$20.82B,20.06M BTC,0.64% (24h),,
2026-08-08 05:48:34,"$64,970.35",$1.3T,$20.23B,20.06M BTC,0.2% (24h),,
2026-08-08 06:17:58,"$64,959.18",$1.3T,$19.86B,20.06M BTC,0.26% (24h),,
2026-08-08 06:57:16,"$64,974.04",$1.3T,$19.61B,20.06M BTC,0.19% (24h),,
2026-08-08 07:33:30,"$64,936.70",$1.3T,$19.19B,20.06M BTC,0.09% (24h),,
2026-08-08 08:01:40,"$64,917.08",$1.3T,$18.8B,20.06M BTC,0.09% (24h),,
2026-08-08 09:08:07,"$64,974.11",$1.3T,$16.96B,20.06M BTC,0.46% (24h),,
2026-08-08 09:56:45,"$64,974.12",$1.3T,$16.1B,20.06M BTC,0.15% (24h),,
2026-08-08 10:36:46,"$65,128.32",$1.3T,$14.84B,20.06M BTC,0.03% (24h),,
2026-08-08 11:03:34,"$65,086.36",$1.3T,$14.46B,20.06M BTC,0.3% (24h),,
2026-08-08 11:45:17,"$65,014.93",$1.3T,$14.09B,20.06M BTC,0.07% (24h),,
2026-08-08 12:16:01,"$65,039.53",$1.3T,$13.8B,20.06M BTC,0.06% (24h),,
2026-08-08 12:57:52,"$65,037.17",$1.3T,$13.43B,20.06M BTC,0.35% (24h),,
2026-08-08 13:38:34,"$65,093.48",$1.3T,$13.09B,20.06M BTC,0.8% (24h),,
2026-08-08 14:03:59,"$65,080.62",$1.3T,$12.83B,20.06M BTC,0.42% (24h),,
2026-08-08 14:57:06,"$64,995.87",$1.3T,$12.72B,20.06M BTC,0.53% (24h),,
2026-08-08 15:35:11,"$64,975.76",$1.3T,$12.48B,20.06M BTC,0.06% (24h),,
2026-08-08 16:01:41,"$65,022.37",$1.3T,$12.33B,20.06M BTC,0.17% (24h),,
2026-08-08 16:44:12,"$65,020.45",$1.3T,$12.09B,20.06M BTC,0.15% (24h),,
2026-08-08 17:15:55,"$65,002.01",$1.3T,$12.29B,20.06M BTC,0.06% (24h),,
2026-08-08 17:52:01,"$64,986.61",$1.3T,$12.38B,20.06M BTC,0.07% (24h),,
2026-08-08 18:19:11,"$64,946.00",$1.3T,$12.36B,20.06M BTC,0.07% (24h),,
2026-08-08 18:53:33,"$64,904.61",$1.3T,$12.47B,20.06M BTC,0.04% (24h),,
2026-08-08 19:33:57,"$64,893.86",$1.3T,$12.36B,20.06M BTC,0.06% (24h),,
2026-08-08 20:02:16,"$64,902.66",$1.3T,$12.35B,20.06M BTC,0.04% (24h),,
2026-08-08 22:27:46,"$64,788.95",$1.3T,$12.25B,20.06M BTC,0.13% (24h),,
2026-08-09 00:01:42,"$64,736.31",$1.29T,$12.1B,20.06M BTC,0.37% (24h),,
2026-08-09 01:15:33,"$64,734.53",$1.29T,$11.99B,20.06M BTC,0.34% (24h),,
2026-08-09 02:05:06,"$64,749.06",$1.29T,$11.96B,20.06M BTC,0.31% (24h),,
2026-08-09 03:14:56,"$64,798.83",$1.3T,$12.01B,20.06M BTC,0.25% (24h),,
2026-08-09 04:06:16,"$64,866.10",$1.3T,$12.27B,20.06M BTC,0.08% (24h),,
2026-08-09 05:01:23,"$64,771.25",$1.29T,$12.55B,20.06M BTC,0.28% (24h),,
2026-08-09 05:52:26,"$64,765.18",$1.29T,$12.35B,20.06M BTC,0.3% (24h),,
2026-08-09 06:40:07,"$64,891.99",$1.3T,$12.46B,20.06M BTC,0.13% (24h),,
2026-08-09 07:11:43,"$64,922.75",$1.3T,$12.48B,20.06M BTC,0.06% (24h),,
2026-08-09 07:47:06,"$64,942.40",$1.3T,$12.44B,20.06M BTC,0.03% (24h),,
2026-08-09 08:19:59,"$64,891.13",$1.3T,$12.33B,20.06M BTC,0.15% (24h),,
2026-08-09 09:28:41,"$65,001.44",$1.3T,$12.33B,20.06M BTC,0.03% (24h),,
2026-08-09 10:10:31,"$65,182.56",$1.3T,$12.54B,20.06M BTC,0.29% (24h),,
2026-08-09 10:53:51,"$65,135.91",$1.3T,$12.37B,20.06M BTC,0.04% (24h),,
2026-08-09 11:36:53,"$65,187.26",$1.3T,$12.5B,20.06M BTC,0.23% (24h),,
2026-08-09 12:04:26,"$65,171.94",$1.3T,$12.48B,20.06M BTC,0.19% (24h),,
2026-08-09 12:52:33,"$65,196.52",$1.3T,$12.54B,20.06M BTC,0.27% (24h),,
2026-08-09 13:36:37,"$65,176.31",$1.3T,$12.49B,20.06M BTC,0.12% (24h),,
2026-08-09 14:04:35,"$65,152.13",$1.3T,$12.47B,20.06M BTC,0.11% (24h),,
2026-08-09 14:59:52,"$65,144.21",$1.3T,$12.24B,20.06M BTC,0.22% (24h),,
2026-08-09 15:42:06,"$65,150.37",$1.3T,$12.25B,20.06M BTC,0.25% (24h),,
2026-08-09 16:15:11,"$65,025.09",$1.3T,$12.22B,20.06M BTC,0% (24h),,
2026-08-09 16:57:41,"$65,088.31",$1.3T,$12.22B,20.06M BTC,0.09% (24h),,
2026-08-09 17:39:57,"$65,176.74",$1.3T,$12.27B,20.06M BTC,0.25% (24h),,
2026-08-09 18:04:45,"$65,204.47",$1.3T,$12.39B,20.06M BTC,0.35% (24h),,
2026-08-09 18:48:55,"$64,971.74",$1.3T,$12.87B,20.06M BTC,0.08% (24h),,
2026-08-09 19:17:16,"$64,982.35",$1.3T,$13.04B,20.06M BTC,0.12% (24h),,
2026-08-09 19:53:28,"$64,844.86",$1.3T,$13.24B,20.06M BTC,0.09% (24h),,
2026-08-09 22:06:54,"$65,080.00",$1.3T,$13.89B,20.06M BTC,0.41% (24h),,
2026-08-10 00:06:45,"$64,983.63",$1.3T,$14.29B,20.06M BTC,0.38% (24h),,
2026-08-10 01:43:25,"$65,021.87",$1.3T,$14.46B,20.06M BTC,0.44% (24h),,
2026-08-10 03:00:39,"$65,241.51",$1.3T,$14.69B,20.06M BTC,0.67% (24h),,
2026-08-10 04:47:51,"$65,163.60",$1.3T,$14.91B,20.06M BTC,0.62% (24h),,
2026-08-10 06:05:42,"$64,994.03",$1.3T,$15.25B,20.06M BTC,0.23% (24h),,
2026-08-10 07:20:57,"$65,006.00",$1.3T,$15.49B,20.06M BTC,0.11% (24h),,
2026-08-10 08:06:41,"$65,105.62",$1.3T,$15.55B,20.06M BTC,0.35% (24h),,
2026-08-10 09:41:39,"$64,597.95",$1.29T,$16.76B,20.06M BTC,0.91% (24h),,
2026-08-10 10:45:54,"$64,795.30",$1.3T,$17.99B,20.06M BTC,0.49% (24h),,
2026-08-10 11:45:43,"$64,274.79",$1.28T,$18.93B,20.06M BTC,1.39% (24h),,
2026-08-10 12:39:55,"$64,080.91",$1.28T,$19.96B,20.06M BTC,1.72% (24h),,
2026-08-10 13:36:44,"$63,906.67",$1.28T,$21.51B,20.06M BTC,1.94% (24h),,
2026-08-10 14:32:38,"$63,852.48",$1.28T,$22.6B,20.06M BTC,2.02% (24h),,
2026-08-10 15:40:45,"$63,894.49",$1.28T,$23.43B,20.06M BTC,1.92% (24h),,
2026-08-10 16:23:50,"$64,019.87",$1.28T,$23.75B,20.06M BTC,1.62% (24h),,
2026-08-10 17:21:20,"$64,051.47",$1.28T,$23.65B,20.06M BTC,1.58% (24h),,
2026-08-10 18:06:01,"$63,902.29",$1.28T,$23.43B,20.06M BTC,1.99% (24h),,
2026-08-10 18:55:46,"$63,939.90",$1.28T,$22.74B,20.06M BTC,1.63% (24h),,
2026-08-10 19:39:47,"$63,871.46",$1.28T,$22.43B,20.06M BTC,1.5% (24h),,
2026-08-10 20:34:14,"$63,936.71",$1.28T,$22.15B,20.06M BTC,1.62% (24h),,
2026-08-10 22:51:24,"$63,976.17",$1.28T,$21.73B,20.06M BTC,1.68% (24h),,
2026-08-11 00:12:10,"$64,060.16",$1.28T,$21.81B,20.06M BTC,1.42% (24h),,
2026-08-11 01:32:23,"$63,911.19",$1.28T,$21.72B,20.06M BTC,1.65% (24h),,
2026-08-11 02:34:43,"$63,843.92",$1.28T,$21.55B,20.06M BTC,1.98% (24h),,
2026-08-11 03:53:16,"$64,031.27",$1.28T,$21.91B,20.06M BTC,1.74% (24h),,
2026-08-11 05:03:28,"$64,069.32",$1.28T,$21.54B,20.06M BTC,1.67% (24h),,
2026-08-11 06:09:51,"$64,222.17",$1.28T,$21.75B,20.06M BTC,1.16% (24h),,
2026-08-11 07:05:05,"$64,317.75",$1.29T,$21.76B,20.06M BTC,0.96% (24h),,
2026-08-11 07:55:29,"$64,317.46",$1.29T,$22.12B,20.06M BTC,1.1% (24h),,
2026-08-11 09:15:38,"$64,248.95",$1.28T,$22.05B,20.06M BTC,0.89% (24h),,
2026-08-11 10:34:37,"$63,944.46",$1.28T,$22B,20.06M BTC,1.19% (24h),,
2026-08-11 11:36:39,"$63,598.04",$1.27T,$22.31B,20.06M BTC,1.08% (24h),,
2026-08-11 12:34:14,"$63,493.18",$1.27T,$22.21B,20.06M BTC,0.85% (24h),,
2026-08-11 13:38:48,"$63,472.19",$1.27T,$21.36B,20.06M BTC,0.66% (24h),,
2026-08-11 14:36:24,"$63,351.47",$1.27T,$20.74B,20.06M BTC,0.76% (24h),,
2026-08-11 15:45:19,"$63,389.99",$1.27T,$20.71B,20.06M BTC,0.89% (24h),,
2026-08-11 16:29:47,"$63,598.53",$1.27T,$20.8B,20.06M BTC,0.69% (24h),,
2026-08-11 17:26:57,"$63,626.17",$1.27T,$20.94B,20.06M BTC,0.6% (24h),,
2026-08-11 18:14:49,"$63,674.92",$1.27T,$20.8B,20.06M BTC,0.47% (24h),,
2026-08-11 19:08:55,"$63,512.72",$1.27T,$20.83B,20.06M BTC,0.66% (24h),,
2026-08-11 20:00:00,"$63,550.36",$1.27T,$20.82B,20.06M BTC,0.56% (24h),,
2026-08-11 22:36:48,"$63,769.78",$1.27T,$20.87B,20.06M BTC,0.32% (24h),,
2026-08-12 00:27:38,"$63,785.30",$1.28T,$20.53B,20.06M BTC,0.4% (24h),,
2026-08-12 02:05:37,"$63,727.60",$1.27T,$21.58B,20.06M BTC,0.32% (24h),,
2026-08-12 03:46:19,"$63,588.28",$1.27T,$21.94B,20.06M BTC,0.66% (24h),,
2026-08-12 04:56:00,"$63,727.85",$1.27T,$22.1B,20.06M BTC,0.54% (24h),,
2026-08-12 06:11:30,"$64,078.62",$1.28T,$22.28B,20.06M BTC,0.21% (24h),,
2026-08-12 07:12:02,"$64,079.32",$1.28T,$22.79B,20.06M BTC,0.38% (24h),,
2026-08-12 08:03:35,"$64,184.22",$1.28T,$22.77B,20.06M BTC,0.29% (24h),,
2026-08-12 09:43:10,"$63,928.52",$1.28T,$23.77B,20.06M BTC,0.33% (24h),,
2026-08-12 10:48:09,"$63,535.07",$1.27T,$23.75B,20.06M BTC,0.61% (24h),,
2026-08-12 11:44:48,"$63,478.73",$1.27T,$23.54B,20.06M BTC,0% (24h),,
2026-08-12 12:41:51,"$63,452.97",$1.27T,$23.06B,20.06M BTC,0.03% (24h),,
2026-08-12 13:46:27,"$63,387.73",$1.27T,$22.95B,20.06M BTC,0.18% (24h),,
2026-08-12 14:41:57,"$63,377.90",$1.27T,$22.71B,20.06M BTC,0.25% (24h),,
2026-08-12 15:50:27,"$63,261.56",$1.26T,$22.61B,20.06M BTC,0.15% (24h),,
2026-08-12 16:29:14,"$63,443.04",$1.27T,$22.36B,20.06M BTC,0.23% (24h),,
2026-08-12 17:24:49,"$63,486.81",$1.27T,$22.56B,20.06M BTC,0.16% (24h),,
2026-08-12 18:13:10,"$63,471.66",$1.27T,$22.52B,20.06M BTC,0.32% (24h),,
2026-08-12 19:06:54,"$63,318.50",$1.27T,$22.6B,20.06M BTC,0.31% (24h),,
2026-08-12 19:57:37,"$63,356.53",$1.27T,$23.06B,20.06M BTC,0.3% (24h),,
2026-08-12 22:27:35,"$63,391.82",$1.27T,$23.05B,20.06M BTC,0.57% (24h),,
2026-08-13 00:28:02,"$63,531.28",$1.27T,$22.96B,20.06M BTC,0.39% (24h),,
2026-08-13 02:01:12,"$63,811.21",$1.28T,$22.71B,20.06M BTC,0.11% (24h),,
2026-08-13 03:48:23,"$63,794.23",$1.28T,$22.31B,20.06M BTC,0.27% (24h),,
2026-08-13 04:58:58,"$63,695.85",$1.27T,$22.42B,20.06M BTC,0.04% (24h),,
2026-08-13 06:18:42,"$63,605.86",$1.27T,$21.8B,20.06M BTC,0.64% (24h),,
2026-08-13 07:15:42,"$63,558.92",$1.27T,$21.41B,20.06M BTC,0.79% (24h),,
2026-08-13 08:04:41,"$63,390.19",$1.27T,$20.72B,20.06M BTC,1.21% (24h),,
2026-08-13 10:49:36,"$63,847.31",$1.28T,$18.83B,20.06M BTC,0.5% (24h),,
2026-08-13 11:44:54,"$63,667.04",$1.27T,$18.17B,20.06M BTC,0.28% (24h),,
2026-08-13 12:41:13,"$62,965.65",$1.26T,$18.3B,20.06M BTC,0.81% (24h),,
2026-08-13 13:44:43,"$63,143.77",$1.26T,$19.76B,20.06M BTC,0.41% (24h),,
2026-08-13 14:42:44,"$63,112.34",$1.26T,$19.61B,20.06M BTC,0.42% (24h),,
2026-08-13 15:49:06,"$63,342.38",$1.27T,$19.45B,20.06M BTC,0.06% (24h),,
2026-08-13 16:26:32,"$63,376.47",$1.27T,$19.33B,20.06M BTC,0.09% (24h),,
2026-08-13 17:23:40,"$63,379.48",$1.27T,$19.12B,20.06M BTC,0.19% (24h),,
2026-08-13 18:13:44,"$63,552.34",$1.27T,$18.8B,20.06M BTC,0.12% (24h),,
2026-08-13 19:08:01,"$63,409.08",$1.27T,$19.06B,20.06M BTC,0.13% (24h),,
2026-08-13 19:57:49,"$63,394.37",$1.27T,$18.8B,20.06M BTC,0.05% (24h),,
2026-08-13 22:28:42,"$63,425.96",$1.27T,$18.7B,20.06M BTC,0.05% (24h),,
2026-08-14 00:25:25,"$63,318.82",$1.27T,$18.65B,20.06M BTC,0.34% (24h),,
2026-08-14 01:58:23,"$63,314.14",$1.27T,$18.5B,20.06M BTC,0.79% (24h),,
2026-08-14 03:44:34,"$62,958.03",$1.26T,$18.83B,20.06M BTC,1.33% (24h),,
2026-08-14 04:52:24,"$62,842.38",$1.26T,$19.76B,20.06M BTC,1.36% (24h),,
2026-08-14 06:08:16,"$62,759.58",$1.25T,$20.04B,20.07M BTC,1.4% (24h),,
2026-08-14 07:08:37,"$62,758.47",$1.25T,$20.4B,20.07M BTC,1.25% (24h),,
2026-08-14 07:57:11,"$62,847.66",$1.26T,$20.34B,20.07M BTC,0.86% (24h),,
2026-08-14 09:18:51,"$62,601.24",$1.25T,$20.58B,20.07M BTC,1.66% (24h),,
2026-08-14 10:29:13,"$62,610.56",$1.25T,$21.11B,20.07M BTC,1.75% (24h),,
2026-08-14 11:24:48,"$62,690.68",$1.25T,$21.39B,20.07M BTC,1.67% (24h),,
2026-08-14 12:26:13,"$63,042.92",$1.26T,$21.59B,20.07M BTC,0.7% (24h),,
2026-08-14 13:31:14,"$63,120.75",$1.26T,$20.29B,20.07M BTC,0.04% (24h),,
2026-08-14 14:29:15,"$62,978.57",$1.26T,$20.32B,20.07M BTC,0.13% (24h),,
2026-08-14 15:32:56,"$62,847.20",$1.26T,$20.32B,20.07M BTC,0.8% (24h),,
2026-08-14 16:12:03,"$62,933.44",$1.26T,$20.39B,20.07M BTC,0.69% (24h),,
2026-08-14 16:47:31,"$62,846.47",$1.26T,$20.55B,20.07M BTC,0.77% (24h),,
2026-08-14 17:12:52,"$62,845.35",$1.26T,$20.5B,20.07M BTC,0.85% (24h),,
2026-08-14 17:46:01,"$62,820.84",$1.26T,$20.56B,20.07M BTC,0.89% (24h),,
2026-08-14 18:03:33,"$62,888.56",$1.26T,$20.55B,20.07M BTC,0.93% (24h),,
2026-08-14 18:39:04,"$62,814.17",$1.26T,$20.36B,20.07M BTC,1.1% (24h),,
2026-08-14 19:00:30,"$62,817.14",$1.26T,$20.41B,20.07M BTC,1.02% (24h),,
2026-08-14 19:30:54,"$62,887.61",$1.26T,$20.47B,20.07M BTC,0.83% (24h),,
2026-08-14 19:55:00,"$62,974.78",$1.26T,$20.32B,20.07M BTC,0.59% (24h),,
2026-08-14 21:27:33,"$62,970.50",$1.26T,$19.92B,20.07M BTC,0.82% (24h),,
2026-08-14 22:36:47,"$63,053.08",$1.26T,$19.86B,20.07M BTC,0.68% (24h),,
2026-08-14 23:22:49,"$63,051.18",$1.26T,$19.75B,20.07M BTC,0.69% (24h),,
2026-08-15 00:06:19,"$63,012.19",$1.26T,$19.93B,20.07M BTC,0.48% (24h),,
2026-08-15 00:45:49,"$63,085.69",$1.26T,$19.72B,20.07M BTC,0.38% (24h),,
2026-08-15 01:12:46,"$63,073.94",$1.26T,$19.68B,20.07M BTC,0.32% (24h),,
2026-08-15 01:46:53,"$63,015.35",$1.26T,$19.61B,20.07M BTC,0.42% (24h),,
2026-08-15 02:14:22,"$63,003.62",$1.26T,$19.47B,20.07M BTC,0.36% (24h),,
2026-08-15 03:03:05,"$63,050.30",$1.26T,$19.33B,20.07M BTC,0.14% (24h),,
2026-08-15 03:42:33,"$63,020.31",$1.26T,$19.3B,20.07M BTC,0.1% (24h),,
2026-08-15 04:12:16,"$62,996.04",$1.26T,$18.7B,20.07M BTC,0.19% (24h),,
2026-08-15 04:47:39,"$62,970.14",$1.26T,$17.81B,20.07M BTC,0.26% (24h),,
2026-08-15 05:13:30,"$62,888.99",$1.26T,$17.63B,20.07M BTC,0.14% (24h),,
2026-08-15 05:46:43,"$62,959.31",$1.26T,$17.41B,20.07M BTC,0.4% (24h),,
2026-08-15 06:03:57,"$62,941.86",$1.26T,$17.25B,20.07M BTC,0.33% (24h),,
2026-08-15 06:37:37,"$62,958.59",$1.26T,$16.97B,20.07M BTC,0.15% (24h),,
2026-08-15 06:58:18,"$62,962.75",$1.26T,$16.85B,20.07M BTC,0.33% (24h),,
2026-08-15 07:28:36,"$62,968.23",$1.26T,$16.55B,20.07M BTC,0.21% (24h),,
2026-08-15 07:49:32,"$62,941.67",$1.26T,$16.43B,20.07M BTC,0.23% (24h),,
2026-08-15 08:11:52,"$62,933.04",$1.26T,$16.27B,20.07M BTC,0.32% (24h),,
2026-08-15 09:01:00,"$62,974.86",$1.26T,$15.92B,20.07M BTC,0.48% (24h),,
2026-08-15 09:38:58,"$62,974.44",$1.26T,$15.04B,20.07M BTC,0.56% (24h),,
2026-08-15 10:00:20,"$62,983.62",$1.26T,$14.7B,20.07M BTC,0.65% (24h),,
2026-08-15 10:33:37,"$62,971.18",$1.26T,$13.84B,20.07M BTC,0.52% (24h),,
2026-08-15 10:58:37,"$62,981.73",$1.26T,$13.47B,20.07M BTC,0.7% (24h),,
2026-08-15 11:30:05,"$63,003.14",$1.26T,$13B,20.07M BTC,0.37% (24h),,
2026-08-15 11:51:12,"$63,042.94",$1.26T,$12.59B,20.07M BTC,0.22% (24h),,
2026-08-15 12:12:18,"$63,027.42",$1.26T,$12.23B,20.07M BTC,0.02% (24h),,
2026-08-15 12:46:26,"$63,026.40",$1.26T,$11.92B,20.07M BTC,0.16% (24h),,
2026-08-15 13:06:58,"$63,028.03",$1.26T,$11.63B,20.07M BTC,0.08% (24h),,
2026-08-15 13:34:35,"$63,000.93",$1.26T,$11.44B,20.07M BTC,0.22% (24h),,
2026-08-15 13:56:16,"$62,999.15",$1.26T,$11.38B,20.07M BTC,0.07% (24h),,
2026-08-15 14:36:04,"$62,994.59",$1.26T,$11.01B,20.07M BTC,0.16% (24h),,
2026-08-15 15:02:31,"$62,992.10",$1.26T,$10.92B,20.07M BTC,0.24% (24h),,
2026-08-15 15:32:33,"$63,031.37",$1.26T,$11.15B,20.07M BTC,0.32% (24h),,
2026-08-15 15:55:04,"$63,052.69",$1.26T,$11.09B,20.07M BTC,0.24% (24h),,
2026-08-15 16:27:48,"$63,007.18",$1.26T,$10.72B,20.07M BTC,0.21% (24h),,
2026-08-15 16:52:24,"$63,027.86",$1.26T,$10.67B,20.07M BTC,0.27% (24h),,
2026-08-15 17:13:10,"$63,032.12",$1.26T,$10.54B,20.07M BTC,0.28% (24h),,
2026-08-15 17:40:48,"$63,088.34",$1.26T,$10.6B,20.07M BTC,0.41% (24h),,
2026-08-15 17:58:37,"$63,087.56",$1.26T,$10.61B,20.07M BTC,0.4% (24h),,
2026-08-15 18:54:11,"$63,071.35",$1.26T,$10.35B,20.07M BTC,0.39% (24h),,
2026-08-15 19:48:02,"$63,038.34",$1.26T,$10.12B,20.07M BTC,0.13% (24h),,
2026-08-15 20:02:36,"$63,016.73",$1.26T,$9.99B,20.07M BTC,0.06% (24h),,
2026-08-15 21:56:38,"$62,984.67",$1.26T,$9.69B,20.07M BTC,0.02% (24h),,
2026-08-15 23:05:01,"$63,052.91",$1.26T,$9.74B,20.07M BTC,0.02% (24h),,
2026-08-16 00:43:59,"$63,054.58",$1.26T,$9.14B,20.07M BTC,0.04% (24h),,
2026-08-16 01:15:15,"$63,029.13",$1.26T,$9.13B,20.07M BTC,0.08% (24h),,
2026-08-16 01:49:28,"$62,987.72",$1.26T,$9.08B,20.07M BTC,0.03% (24h),,
2026-08-16 02:17:17,"$62,982.46",$1.26T,$9.07B,20.07M BTC,0% (24h),,
2026-08-16 03:05:54,"$62,985.55",$1.26T,$8.78B,20.07M BTC,0.09% (24h),,
2026-08-16 03:43:44,"$62,986.94",$1.26T,$8.48B,20.07M BTC,0.04% (24h),,
2026-08-16 04:12:15,"$62,997.06",$1.26T,$8.41B,20.07M BTC,0% (24h),,
2026-08-16 04:52:23,"$62,998.25",$1.26T,$8.45B,20.07M BTC,0.04% (24h),,
2026-08-16 05:32:04,"$62,994.01",$1.26T,$8.34B,20.07M BTC,0.11% (24h),,
2026-08-16 05:58:30,"$62,922.16",$1.26T,$8.44B,20.07M BTC,0.07% (24h),,
2026-08-16 06:32:20,"$62,935.67",$1.26T,$8.5B,20.07M BTC,0.03% (24h),,
2026-08-16 06:58:36,"$62,940.13",$1.26T,$8.49B,20.07M BTC,0.03% (24h),,
2026-08-16 07:28:24,"$62,922.26",$1.26T,$8.4B,20.07M BTC,0.06% (24h),,
2026-08-16 07:49:50,"$62,913.71",$1.26T,$8.45B,20.07M BTC,0.03% (24h),,
2026-08-16 08:12:07,"$62,951.38",$1.26T,$8.46B,20.07M BTC,0.03% (24h),,
2026-08-16 09:06:05,"$62,950.25",$1.26T,$8.39B,20.07M BTC,0.08% (24h),,
2026-08-16 09:43:29,"$62,995.27",$1.26T,$8.34B,20.07M BTC,0.04% (24h),,
2026-08-16 10:07:32,"$62,997.52",$1.26T,$8.31B,20.07M BTC,0.03% (24h),,
2026-08-16 10:37:09,"$63,026.36",$1.26T,$8.32B,20.07M BTC,0.08% (24h),,
2026-08-16 10:58:57,"$63,035.69",$1.26T,$8.32B,20.07M BTC,0.08% (24h),,
2026-08-16 11:30:48,"$63,048.52",$1.26T,$8.24B,20.07M BTC,0.07% (24h),,
2026-08-16 11:52:28,"$63,065.62",$1.26T,$8.2B,20.07M BTC,0.04% (24h),,
2026-08-16 12:31:15,"$63,306.56",$1.27T,$8.36B,20.07M BTC,0.41% (24h),,
2026-08-16 12:55:56,"$63,189.25",$1.26T,$8.55B,20.07M BTC,0.25% (24h),,
2026-08-16 13:24:21,"$63,151.61",$1.26T,$8.66B,20.07M BTC,0.24% (24h),,
2026-08-16 13:48:27,"$63,080.70",$1.26T,$8.73B,20.07M BTC,0.13% (24h),,
2026-08-16 14:02:48,"$63,092.36",$1.26T,$8.75B,20.07M BTC,0.14% (24h),,
2026-08-16 14:46:14,"$63,077.61",$1.26T,$8.7B,20.07M BTC,0.14% (24h),,
2026-08-16 15:11:06,"$63,099.68",$1.26T,$8.37B,20.07M BTC,0.13% (24h),,
2026-08-16 15:35:13,"$63,147.70",$1.26T,$8.11B,20.07M BTC,0.18% (24h),,
2026-08-16 15:53:49,"$63,076.27",$1.26T,$8.11B,20.07M BTC,0.04% (24h),,
2026-08-16 16:28:30,"$63,023.77",$1.26T,$8.14B,20.07M BTC,0.03% (24h),,
2026-08-16 16:51:40,"$62,974.46",$1.26T,$8.2B,20.07M BTC,0.08% (24h),,
2026-08-16 17:11:26,"$62,994.38",$1.26T,$8.26B,20.07M BTC,0.05% (24h),,
2026-08-16 17:35:54,"$62,971.08",$1.26T,$8.23B,20.07M BTC,0.16% (24h),,
2026-08-16 17:55:32,"$62,892.22",$1.26T,$8.31B,20.07M BTC,0.31% (24h),,
2026-08-16 18:26:38,"$62,785.02",$1.26T,$8.65B,20.07M BTC,0.46% (24h),,
2026-08-16 18:49:59,"$62,740.40",$1.25T,$8.8B,20.07M BTC,0.57% (24h),,
2026-08-16 19:06:07,"$62,871.24",$1.26T,$8.91B,20.07M BTC,0.31% (24h),,
2026-08-16 19:33:48,"$62,773.86",$1.25T,$8.99B,20.07M BTC,0.42% (24h),,
2026-08-16 19:55:46,"$62,820.95",$1.26T,$9.08B,20.07M BTC,0.31% (24h),,
2026-08-16 21:36:24,"$63,153.98",$1.26T,$10.08B,20.07M BTC,0.25% (24h),,
2026-08-16 22:47:19,"$63,202.24",$1.26T,$10.31B,20.07M BTC,0.2% (24h),,
2026-08-16 23:37:17,"$63,309.84",$1.27T,$10.79B,20.07M BTC,0.4% (24h),,
2026-08-17 00:25:34,"$63,427.54",$1.27T,$11.23B,20.07M BTC,0.54% (24h),,
2026-08-17 01:10:56,"$63,413.46",$1.27T,$11.74B,20.07M BTC,0.61% (24h),,
2026-08-17 03:03:53,"$63,518.29",$1.27T,$12.51B,20.07M BTC,0.83% (24h),,
2026-08-17 04:00:03,"$63,471.09",$1.27T,$12.74B,20.07M BTC,0.76% (24h),N/A,N/A
